SA2_CODE21,pop,elderly,median_hhd_income,median_age,IRSD_score,IRSAD_score,area_km2,pop_density,elderly_pct
201011001,16835,2178,1952,34,1035.0,1011.0,52.7109,319.3836568907,12.937332937332938
201011002,12131,2826,1573,45,1042.0,1040.0,12.3787,979.9898212251691,23.295688731349433
201011005,7261,1334,1927,42,1068.0,1040.0,51.5855,140.75660796153957,18.372125051645778
201011006,10661,1578,1627,33,982.0,947.0,34.1607,312.08376877523006,14.801613357095958
201011007,4230,608,2065,41,1055.0,1005.0,104.7274,40.39057591423066,14.373522458628843
201011008,15333,3157,1191,38,910.0,886.0,67.5736,226.9081416411143,20.589578034305095
201011481,9691,2190,1209,41,959.0,940.0,19.2159,504.321941725342,22.598287070477763
201011482,14750,2836,1644,41,1034.0,1015.0,73.1419,201.662795196734,19.227118644067797
201011483,12225,2251,1396,37,980.0,963.0,22.2728,548.8757587730325,18.413087934560327
201011484,13086,2791,1020,39,881.0,861.0,10.5813,1236.710045079527,21.328136940241478
201021009,6559,1224,1731,43,1022.0,988.0,1038.8122,6.313942019548865,18.661381308126238
201021010,8085,2131,1238,49,986.0,955.0,856.7892,9.43639345593992,26.357452071737786
201021011,9955,2846,1343,53,1028.0,1011.0,920.7579,10.811745411035844,28.58864892014063
201021012,6372,1126,1813,44,1037.0,1001.0,850.3137,7.49370497029508,17.671060891399875
201031013,3532,1093,985,53,947.0,918.0,1714.2397,2.0603886375983476,30.94563986409966
201031014,4644,1178,1193,49,969.0,939.0,1863.0431,2.4926959553431693,25.366063738156765
201031015,4894,936,1455,43,997.0,955.0,922.0812,5.307558596791693,19.125459746628525
201031016,8160,2649,876,51,879.0,854.0,45.5379,179.191398812857,32.463235294117645
201031017,5526,1606,956,53,925.0,886.0,1627.5521,3.395283014288759,29.06261310170105
202011018,14929,3032,1267,39,919.0,918.0,16.0796,928.4434936192444,20.309464800053586
202011019,12949,2496,1223,38,912.0,888.0,32.9308,393.2185066867492,19.275619738975983
202011020,13988,3506,1408,44,1002.0,986.0,17.1489,815.6791397698977,25.064340863597366
202011021,9437,1650,1465,38,993.0,981.0,13.2029,714.7672102341153,17.484370032849423
202011022,21043,5108,1238,42,952.0,921.0,40.9147,514.3139262905507,24.274105403221974
202011023,5518,725,2203,37,1072.0,1024.0,42.9757,128.39814127518574,13.138818412468286
202011024,10719,1767,2217,39,1079.0,1050.0,56.4142,190.00535326212196,16.484746711446963
202011025,14446,1973,1689,34,997.0,961.0,67.7769,213.14046526176324,13.657759933545618
202021026,8344,1299,2040,41,1068.0,1025.0,796.8536,10.47118316338158,15.568072866730583
202021027,11352,3315,1200,50,998.0,984.0,83.9291,135.2570205089772,29.201902748414376
202021028,9225,2527,1317,52,1021.0,992.0,1514.9804,6.089187688500789,27.392953929539292
202021029,5062,1513,1115,53,965.0,932.0,756.8174,6.6885354380065785,29.8893717898064
202021030,10562,2495,1695,46,1036.0,1019.0,556.4897,18.97968641647815,23.622419996212837
202021031,7949,1732,2113,46,1065.0,1064.0,211.8678,37.51867910083552,21.788904264687382
202031032,4934,1029,1454,46,995.0,952.0,1440.2175,3.4258714395568726,20.85528982569923
202031033,7289,2140,1027,52,947.0,925.0,6193.3066,1.1769157367406935,29.359308547125806
203011034,7754,1114,2159,36,1055.0,1014.0,192.052,40.37448191114907,14.366778436935776
203011035,8111,1177,1898,40,1043.0,1002.0,1484.5293,5.463684684431625,14.511157687091606
203011036,6614,1251,1845,43,1054.0,1026.0,903.2574,7.322386730515577,18.91442394919867
203021037,15017,2832,1510,37,1014.0,995.0,9.3677,1603.0615839533718,18.858626889525205
203021039,13504,2521,1542,40,1016.0,1014.0,12.8171,1053.5924663145329,18.668542654028435
203021040,21200,3236,1719,37,1033.0,1022.0,32.0375,661.7245415528677,15.264150943396226
203021042,24034,4216,2111,38,1077.0,1070.0,40.587,592.1600512479365,17.541815761005243
203021043,20817,3082,1966,37,1027.0,994.0,588.6012,35.3669003732918,14.805207282509489
203021044,13272,2826,1589,41,1026.0,983.0,27.9287,475.21008854690695,21.292947558770344
203021045,15462,3878,1161,45,920.0,891.0,43.2941,357.1387325293747,25.080843357909714
203021046,10445,1839,2092,40,1073.0,1081.0,5.8078,1798.4434725713695,17.606510292005744
203021047,15795,3793,1386,42,971.0,956.0,21.9321,720.1772744060077,24.013928458372902
203021485,10300,1387,1988,31,1050.0,1021.0,18.1166,568.5393506507844,13.466019417475728
203021486,18325,2726,1230,36,849.0,849.0,74.351,246.46608653548708,14.875852660300136
203021487,24763,4386,1779,36,1031.0,1003.0,37.588,658.8006810684261,17.711908896337277
203021488,9051,1657,926,38,764.0,788.0,6.4625,1400.5415860735009,18.30736935145288
203031048,16797,4240,1424,45,1014.0,974.0,65.1496,257.8219973722018,25.242602845746266
203031049,6234,1987,1684,55,1078.0,1065.0,447.9915,13.915442592102753,31.873596406801415
203031051,9536,3698,1139,59,1001.0,972.0,71.8555,132.71078762238102,38.77936241610738
203031052,5519,2363,1521,61,1080.0,1064.0,61.6733,89.48767132616545,42.815727486863565
203031053,24607,4185,2281,40,1097.0,1092.0,126.3197,194.7993860023417,17.007355630511643
203031489,11333,1672,2201,35,1075.0,1064.0,88.2113,128.47560346576913,14.753375099267627
203031490,19394,4392,1882,44,1074.0,1055.0,68.7681,282.0202972017549,22.646179230689903
204011054,6828,2153,1135,54,989.0,953.0,2118.9554,3.222342480639281,31.5319273579379
204011055,6922,2301,1133,55,978.0,951.0,2057.9046,3.363615592287417,33.241837619185205
204011056,15563,2978,1574,40,1002.0,966.0,461.5233,33.720941066247356,19.135128188652573
204011057,10517,2665,1331,48,1028.0,990.0,3927.8774,2.677527562341941,25.339925834363413
204011058,4537,1289,1293,51,988.0,959.0,1294.3498,3.505234829101067,28.41084417015649
204011059,6569,1579,1165,45,902.0,884.0,79.3085,82.82844840086499,24.037144161972904
204011060,4645,751,1900,39,1046.0,1010.0,1688.8308,2.7504235474625403,16.167922497308933
204011061,238,27,900,43,916.0,893.0,856.2714,0.27794925767694684,11.344537815126051
204011062,4182,1218,1222,53,995.0,969.0,1474.2972,2.836605807838474,29.124820659971306
204021063,10822,3345,1142,51,950.0,922.0,315.3043,34.32239902849406,30.909258917020882
204021064,3781,966,1363,52,1021.0,986.0,2105.3239,1.795923183126359,25.548796614652208
204021065,4047,1063,1344,49,987.0,954.0,479.8352,8.434145723365022,26.266370150728935
204021066,19882,4908,1242,44,964.0,935.0,57.5836,345.27191769878925,24.68564530731315
204021067,9925,2276,1501,48,1037.0,1000.0,3587.526,2.766530472531767,22.93198992443325
204031068,4986,1315,1434,49,1029.0,1010.0,371.3306,13.427387885619984,26.373846770958686
204031069,8903,2168,1397,47,1046.0,1011.0,4253.6538,2.0930241196403903,24.35134224418735
204031070,3184,673,1493,47,1021.0,969.0,513.0897,6.205542617596884,21.136934673366834
204031071,4745,1296,1226,50,992.0,951.0,553.3639,8.574827523082009,27.312961011591145
204031072,6196,1774,1280,52,1000.0,968.0,6668.947,0.9290822074309483,28.631375080697225
204031073,15396,2809,1470,39,961.0,931.0,153.88,100.05198856251624,18.244998700961286
204031075,5221,1049,1833,45,1068.0,1032.0,708.198,7.372232059395819,20.0919364106493
204031491,12778,1696,2143,33,1054.0,1025.0,248.809,51.35666314321427,13.272812646736579
204031492,15082,3176,1214,41,920.0,900.0,30.3131,497.5406672362774,21.05821509083676
205011076,19773,4057,1452,39,990.0,953.0,326.806,60.50378512022424,20.517877914327617
205011077,6585,1523,1456,48,1019.0,985.0,2753.3275,2.3916515561624982,23.128321943811695
205011078,8368,1911,1452,43,1005.0,967.0,501.529,16.68497733929643,22.83699808795411
205011079,23051,4892,1590,41,1010.0,985.0,352.1791,65.45249277995202,21.222506615765045
205021080,0,0,0,0,,,2071.2834,0.0,
205021081,15684,4161,1194,45,951.0,920.0,155.0115,101.17958990139441,26.530221882172917
205021082,8290,1974,1323,48,1000.0,960.0,7377.4172,1.1236994974338717,23.811821471652593
205021083,0,0,0,0,,,93.8744,0.0,
205021084,11164,3893,1014,55,955.0,923.0,214.0352,52.15964476871094,34.87101397348621
205021085,6727,2085,926,55,932.0,912.0,11383.7,0.5909326493143705,30.994499777017985
205021086,6977,2981,1071,61,989.0,950.0,417.8856,16.69595697961356,42.726100042998425
205031087,9446,2973,1110,54,1005.0,971.0,1498.8468,6.302178448124251,31.473639635824686
205031088,139,47,1014,52,997.0,998.0,170.2291,0.8165466421428534,33.81294964028777
205031089,9842,2211,1384,46,1006.0,966.0,600.6912,16.384458437213663,22.464946149156674
205031090,11502,2974,1315,47,998.0,963.0,801.0085,14.359398183664718,25.85637280472961
205031091,13799,4047,1175,52,1005.0,971.0,100.5731,137.20368567738294,29.328212189289076
205031092,16,0,1333,31,,,481.5078,0.03322895288508307,0.0
205031093,26792,7966,1154,51,986.0,950.0,728.7626,36.763686830251714,29.73275604658107
205041094,11912,2312,1409,42,974.0,942.0,796.5231,14.954996283221416,19.408999328408328
205041095,17291,4212,1017,45,877.0,861.0,105.2836,164.23260602790936,24.35949337805795
205041096,14432,3286,942,43,824.0,820.0,85.4861,168.82276767802017,22.768847006651885
205041098,4707,791,1656,41,1003.0,950.0,342.7019,13.73496907954114,16.80475886976843
205041493,12000,2522,1386,41,951.0,926.0,108.33,110.77263915812794,21.016666666666666
205041494,16822,3203,1635,39,1011.0,978.0,41.3428,406.8906798765444,19.040542147188205
205051099,23,8,699,65,,,2955.6802,0.007781626713201246,34.78260869565217
205051100,4915,1294,1079,52,978.0,948.0,1610.8491,3.0511858621642465,26.327568667344863
205051101,14756,3374,1324,43,980.0,940.0,2532.3197,5.82706835949663,22.86527514231499
205051102,4928,825,1487,39,991.0,954.0,968.4597,5.088492582603076,16.741071428571427
205051103,15301,3363,1331,42,970.0,950.0,45.6023,335.5313218850804,21.978955623815438
205051104,5605,1666,1012,53,945.0,917.0,1931.8628,2.9013447538821078,29.723461195361285
206011106,12738,1121,2087,33,1076.0,1117.0,2.1682,5874.919287888571,8.800439629455173
206011107,14318,1760,1786,35,1047.0,1073.0,3.1795,4503.223777323478,12.292219583740746
206011109,10390,1520,2245,39,1069.0,1076.0,2.9887,3476.427878341754,14.629451395572666
206011495,12890,1491,2062,34,1054.0,1097.0,2.4091,5350.545846996803,11.567106283941039
206011496,12983,1346,2126,34,1068.0,1116.0,2.7334,4749.7622009219285,10.367403527690055
206011497,12535,1754,1944,37,1027.0,1060.0,3.7471,3345.2536628325906,13.992820103709613
206011498,14031,2002,2186,37,1042.0,1068.0,3.1876,4401.744259003639,14.268405673152307
206021110,8994,1218,2112,38,1070.0,1107.0,2.8853,3117.180189235088,13.542361574382921
206021112,18919,2576,1978,37,1048.0,1083.0,4.9972,3785.920115264548,13.615941645964375
206021499,15068,2089,2251,38,1064.0,1112.0,3.5134,4288.723174133318,13.86381736129546
206021500,10299,1234,2318,36,1080.0,1124.0,2.6316,3913.5886912904693,11.98174580056316
206031113,15191,1901,2192,37,1015.0,1062.0,3.8361,3960.0114699825344,12.513988545849516
206031115,9065,1049,1571,34,929.0,997.0,1.5808,5734.438259109312,11.571980143408716
206031116,16224,2528,2111,38,1067.0,1097.0,4.3551,3725.28759385548,15.581854043392504
206031501,16042,2595,2195,40,1073.0,1086.0,4.8886,3281.512089350734,16.176287245979303
206031502,12191,1828,2055,37,1071.0,1091.0,3.5543,3429.929944011479,14.994668197850874
206041117,16655,1358,1289,27,962.0,1050.0,1.8187,9157.640072579316,8.153707595316721
206041118,15493,944,1956,32,1044.0,1109.0,2.444,6339.198036006547,6.093074291615568
206041119,4896,1094,2345,42,1107.0,1156.0,2.8998,1688.3923029174425,22.344771241830067
206041120,77,0,2178,32,1119.0,1133.0,1.7093,45.04768033698005,0.0
206041121,10745,1096,2216,35,1044.0,1097.0,2.147,5004.65766185375,10.200093066542577
206041124,7297,742,1885,26,1055.0,1102.0,4.0491,1802.128868143538,10.168562422913526
206041125,6423,1463,2259,39,1103.0,1147.0,1.5027,4274.306248752247,22.77751829363226
206041127,0,0,0,0,,,6.1992,0.0,
206041503,9848,628,1511,30,995.0,1079.0,0.802,12279.30174563591,6.376929325751422
206041504,16870,324,1089,26,961.0,1051.0,0.5616,30039.17378917379,1.9205690574985181
206041505,15648,394,1446,29,994.0,1073.0,1.0051,15568.600139289621,2.5178936605316973
206041506,15637,1262,1718,31,981.0,1056.0,2.4248,6448.779280765424,8.070601777834623
206041507,0,0,7000,70,,,1.3511,0.0,
206041508,6463,542,2054,33,1055.0,1112.0,0.8496,7607.10922787194,8.386198359894784
206041509,16101,738,1880,31,1052.0,1104.0,0.804,20026.119402985074,4.583566238121856
206041510,7446,325,1784,31,1046.0,1099.0,0.8247,9028.737722808293,4.364759602471126
206051128,15825,2952,2303,41,1084.0,1132.0,4.6747,3385.243972875265,18.654028436018958
206051129,14818,1591,2093,38,1083.0,1117.0,2.553,5804.1519780650215,10.736941557565123
206051130,16192,2816,2347,43,1052.0,1108.0,2.7894,5804.8325804832575,17.391304347826086
206051134,15813,1559,1988,34,1066.0,1101.0,2.4135,6551.895587321318,9.858976791247708
206051511,1907,49,2407,32,1084.0,1141.0,7.6426,249.5224138382226,2.5694808599895125
206051512,11693,1881,2103,39,1029.0,1094.0,1.8897,6187.754670053448,16.086547507055503
206051513,11857,1088,1788,35,1047.0,1083.0,1.5375,7711.869918699186,9.176014168845407
206051514,13858,1869,1849,38,1052.0,1091.0,2.3637,5862.842154249693,13.48679463125992
206061135,9336,1784,2207,38,1089.0,1130.0,2.1835,4275.704144721777,19.108826049700088
206061136,19119,2407,2098,34,1076.0,1123.0,2.9053,6580.731766082677,12.589570584235577
206061138,12953,3521,2538,47,1104.0,1150.0,4.3233,2996.0909490435547,27.182891994132635
206061515,11192,939,2042,32,1090.0,1142.0,1.1696,9569.083447332421,8.389921372408864
206061516,9939,1423,2001,35,1030.0,1094.0,1.3475,7375.881261595548,14.317335748063185
206071139,9088,854,2197,33,1077.0,1127.0,1.7405,5221.488078138466,9.397007042253522
206071140,8186,1264,2355,34,1087.0,1135.0,2.3042,3552.6429997396062,15.440996823845591
206071141,9179,650,2130,33,962.0,1045.0,1.2669,7245.244297103166,7.081381414097396
206071142,10431,1156,2194,35,979.0,1066.0,1.3779,7570.215545395167,11.082350685456811
206071143,12781,2003,2300,36,1066.0,1125.0,2.5051,5101.991936449643,15.67170017995462
206071145,9855,1419,2529,37,1094.0,1143.0,5.2089,1891.954155387894,14.398782343987824
206071517,17671,1840,2577,33,1106.0,1158.0,4.2891,4119.978550278613,10.412540320298795
206071518,13867,1606,2009,34,977.0,1048.0,1.9233,7210.003639577809,11.581452368933439
207011146,7952,1341,2743,41,1082.0,1126.0,2.8366,2803.356130578862,16.863682092555333
207011147,16163,3532,2017,43,1064.0,1109.0,5.5851,2893.9499740380656,21.85237889005754
207011148,21123,3693,2350,42,1075.0,1115.0,8.8492,2386.9954346155587,17.48331202954126
207011149,21232,4540,2472,43,1097.0,1137.0,7.2919,2911.723967690177,21.382818387339864
207011150,16829,2776,2914,41,1116.0,1155.0,5.7049,2949.920244000771,16.495335432883714
207011152,15684,2362,2228,36,1091.0,1132.0,3.824,4101.464435146444,15.059933690385105
207011154,6482,1143,2485,41,1087.0,1122.0,4.0154,1614.2850027394531,17.63344646713977
207011155,15944,3404,2709,45,1103.0,1143.0,5.7026,2795.917651597517,21.34972403411942
207011519,9890,1455,2300,35,1088.0,1133.0,2.4558,4027.2009121263945,14.711830131445906
207011520,11957,1697,2055,34,1087.0,1125.0,3.2163,3717.625843360383,14.192523208162584
207011521,11601,2336,2577,42,1100.0,1143.0,4.3235,2683.2427431479123,20.136195155590038
207011522,13039,2427,2459,41,1081.0,1126.0,6.2106,2099.4750909734967,18.613390597438453
207021156,11289,2726,1812,45,1047.0,1061.0,6.6711,1692.224670594055,24.147400124014528
207021157,24814,5371,1595,40,1027.0,1057.0,8.7738,2828.1930292461648,21.64503909083582
207021159,16966,4256,2163,46,1074.0,1094.0,16.1176,1052.6381098922916,25.085465047742545
207021160,14191,3547,1919,45,1055.0,1071.0,5.9386,2389.6204492641364,24.994714960186034
207021424,15672,3440,1934,43,1059.0,1079.0,6.403,2447.602686240825,21.949974476773864
207021425,15454,3082,1656,40,1030.0,1050.0,4.7684,3240.919385957554,19.943056813769896
207031161,22106,3878,2050,40,1069.0,1087.0,8.6076,2568.195548120266,17.542748575047497
207031162,10939,2312,1861,42,1054.0,1071.0,3.5966,3041.4836234221207,21.13538714690557
207031163,22841,3357,1441,34,991.0,1041.0,7.0123,3257.276499864524,14.697254936298762
207031164,18126,2971,1920,39,1041.0,1075.0,6.2087,2919.451737078615,16.39081981683769
207031165,12336,2023,1564,33,1010.0,1049.0,5.0392,2448.0076202571836,16.399156939040207
207031166,10675,2383,1610,41,1031.0,1047.0,4.2629,2504.1638321330547,22.3231850117096
207031167,10166,1993,2388,42,1096.0,1130.0,3.3279,3054.779290243096,19.604564233720247
208011168,14021,3147,2622,48,1108.0,1134.0,5.9678,2349.4420054291363,22.444904072462734
208011169,22758,5689,2718,48,1101.0,1146.0,8.2004,2775.230476562119,24.997802970384043
208011170,16540,3370,2720,44,1090.0,1133.0,5.6083,2949.200292423729,20.37484885126965
208011171,12439,1859,2291,40,1071.0,1098.0,5.3198,2338.2457987142375,14.944931264571107
208011172,18200,3216,2415,43,1074.0,1115.0,5.6847,3201.576160571358,17.67032967032967
208011173,17358,4154,2356,48,1094.0,1125.0,6.4301,2699.4914542542106,23.931328494066136
208021174,24896,3949,2240,40,1069.0,1102.0,6.2242,3999.8714694257897,15.86198586118252
208021176,18534,2818,1873,36,1062.0,1087.0,3.8045,4871.599421737416,15.204489047156578
208021177,22362,3959,2184,35,1085.0,1122.0,6.4189,3483.7744784931997,17.704140953403094
208021178,18075,3806,2289,41,1086.0,1120.0,4.7426,3811.200607261839,21.0567081604426
208021179,11904,1921,2171,38,1085.0,1118.0,2.8616,4159.910539558289,16.137432795698924
208021180,7563,1117,2057,38,1051.0,1073.0,2.0095,3763.6227917392384,14.769271453127066
208021181,9369,1350,2089,38,1077.0,1099.0,2.5148,3725.5447749324,14.409221902017292
208021182,13128,1721,1978,36,1066.0,1090.0,2.9371,4469.715025024684,13.10938452163315
208021426,16583,2311,2250,39,1067.0,1091.0,4.5989,3605.8622714127287,13.93595851172888
208021427,14057,2396,2173,40,1076.0,1090.0,4.5882,3063.728695348939,17.044888667567758
208031183,8853,1369,2348,42,1080.0,1079.0,5.3073,1668.0798145949918,15.463684626680221
208031184,31,3,933,56,,,9.0819,3.413382662218259,9.67741935483871
208031185,12032,2403,1853,44,1043.0,1033.0,5.8242,2065.86312283232,19.971742021276594
208031186,15204,2965,1718,41,1043.0,1037.0,5.423,2803.614235662917,19.501446987634832
208031187,5393,995,1867,40,1048.0,1024.0,3.1958,1687.5273796858376,18.449842388281105
208031188,24085,4609,1853,40,1047.0,1055.0,8.7376,2756.4777513275953,19.136391945194102
208031189,13563,2088,2223,40,1073.0,1077.0,5.1001,2659.3596203996,15.394824153948242
208031190,13197,2591,1889,42,1061.0,1072.0,4.45,2965.61797752809,19.6332499810563
208031191,9116,1469,2046,40,1048.0,1066.0,11.6997,779.1652777421643,16.114523913997367
208031192,26,0,0,22,,,3.0755,8.453909933344171,0.0
208031193,21199,3598,2090,42,1072.0,1082.0,7.9681,2660.4836786686915,16.972498702769
208041194,20239,4002,2364,40,1098.0,1137.0,6.1552,3288.114114894723,19.773704234398934
208041195,21923,3716,2386,38,1088.0,1128.0,7.5666,2897.3383025401104,16.950234913104957
209011196,9831,1966,1705,39,1024.0,1017.0,4.0749,2412.5745417065446,19.997965618960432
209011197,20807,4205,2078,42,1070.0,1061.0,10.0974,2060.629468972211,20.20954486470899
209011198,16039,3071,2102,40,1075.0,1089.0,6.3717,2517.224602539354,19.14707899494981
209011199,14852,1911,1618,35,962.0,991.0,6.6912,2219.6317551410807,12.866953945596551
209011200,12458,2288,2280,41,1085.0,1115.0,5.0498,2467.028397164244,18.36570878150586
209011201,7740,1625,2914,45,1118.0,1147.0,4.2769,1809.72199490285,20.99483204134367
209011202,16539,3386,2068,42,1080.0,1073.0,12.0278,1375.0644340610918,20.472821815103696
209011203,18733,3625,2025,40,1066.0,1068.0,10.2379,1829.76977700505,19.350878129504085
209011204,9236,1691,1961,39,1046.0,1035.0,3.7857,2439.707319650263,18.308791684712
209021205,10408,1419,1727,34,1012.0,1033.0,9.0094,1155.23786267676,13.633743274404303
209021428,20711,2661,1787,36,1004.0,1031.0,7.7457,2673.870663723098,12.848244894017672
209021429,12696,1791,1970,38,1034.0,1056.0,3.5679,3558.3956949466074,14.106805293005669
209021523,14795,2270,1544,36,974.0,983.0,4.788,3090.016708437761,15.34302129097668
209021524,9801,2484,1442,43,964.0,965.0,4.5297,2163.7194516193126,25.344352617079892
209021525,12799,2321,1401,38,958.0,978.0,4.1783,3063.207524591341,18.134229236659113
209021526,14090,1813,1743,37,1003.0,1017.0,5.6247,2505.0224900883604,12.867281760113555
209031209,23444,4154,2464,43,1098.0,1099.0,19.4882,1202.9843700290432,17.71881931411022
209031210,3554,553,2168,41,1068.0,1048.0,14.8421,239.4539856219807,15.559932470455825
209031211,4204,592,1809,42,1039.0,1002.0,319.504,13.157894736842104,14.081826831588963
209031212,5091,1029,2254,48,1086.0,1076.0,292.1978,17.423129126913345,20.2121390689452
209031213,9454,1639,2554,43,1097.0,1090.0,29.117,324.69004361713087,17.336577110217895
209031214,6935,1084,2831,43,1107.0,1116.0,49.7946,139.2721299096689,15.630857966834895
209031215,14417,1971,2496,39,1084.0,1069.0,26.8245,537.4564297563794,13.671360199764168
209041216,7350,1012,1833,37,1027.0,1033.0,4.715,1558.8547189819724,13.768707482993198
209041217,6186,1423,1423,40,983.0,982.0,2.5601,2416.311862817859,23.003556417717427
209041220,17470,2730,1798,40,1011.0,993.0,8.1362,2147.194021779209,15.62678878076703
209041221,11240,1847,1647,39,989.0,974.0,4.9298,2280.0113594872,16.43238434163701
209041223,19998,4372,1225,39,885.0,900.0,14.6852,1361.7792062757062,21.86218621862186
209041224,22627,2087,2002,33,1017.0,986.0,507.7457,44.56364672315295,9.223494055774076
209041225,10661,1795,1855,37,1031.0,999.0,297.9798,35.77759297777903,16.837069693274554
209041431,13144,1998,1675,37,961.0,945.0,7.7691,1691.830456552239,15.200852099817407
209041432,8204,1442,1443,38,927.0,920.0,15.8714,516.9046208904067,17.576791808873722
209041433,12143,752,1848,32,991.0,988.0,7.3573,1650.4696016201594,6.192868319196244
209041435,12595,889,2242,35,1051.0,1032.0,13.7094,918.7127080689162,7.058356490670901
209041436,12392,1814,1899,37,1021.0,997.0,7.7445,1600.1032991155012,14.638476436410588
209041437,24407,1155,1979,30,1002.0,1002.0,53.892,452.8872559934684,4.732248944974803
209041527,16299,1482,2173,34,1051.0,1027.0,9.4393,1726.7170235080991,9.092582367016382
209041528,10471,700,2120,32,1045.0,1022.0,5.0223,2084.901340023495,6.685130360042021
209041529,9947,2019,1224,38,884.0,896.0,3.3232,2993.199325950891,20.297577158942396
209041530,13513,2309,1450,37,919.0,935.0,8.7363,1546.764648649886,17.087249315473986
209041531,11427,1145,1897,34,1019.0,1003.0,15.1961,751.9692552694441,10.02012776756804
209041532,11940,632,2109,32,1034.0,1016.0,8.6268,1384.058978995688,5.293132328308207
210011226,8173,1597,1761,39,1026.0,1018.0,3.7194,2197.3974296929614,19.539948611281048
210011227,13,0,0,45,,,3.3549,3.874929208024084,0.0
210011228,8548,2104,1820,45,1052.0,1035.0,17.512,488.1224303334856,24.61394478240524
210011230,7460,1164,2239,40,1067.0,1073.0,2.8027,2661.7190566239697,15.603217158176944
210011231,10031,1663,2440,41,1089.0,1100.0,4.1444,2420.3744812276805,16.578606320406738
210011533,12388,3311,1587,45,1008.0,1012.0,5.4087,2290.384010945329,26.727478204714238
210011534,15073,3445,1913,43,1036.0,1031.0,5.4828,2749.1427737652293,22.85543687388045
210021232,14222,2322,2311,40,1079.0,1068.0,211.057,67.38464016829577,16.3268176065251
210021233,3523,739,2457,46,1103.0,1108.0,72.9902,48.26675361897899,20.976440533636108
210021234,4457,749,2156,42,1075.0,1048.0,83.3503,53.473112874218806,16.805025802109043
210021235,10765,1800,2004,41,1047.0,1016.0,624.7097,17.23200392118131,16.720854621458432
210031236,8425,1234,1980,38,1017.0,1041.0,4.8779,1727.177678919207,14.646884272997033
210031237,14002,2189,1436,35,936.0,952.0,5.0848,2753.6972938955314,15.63348093129553
210031439,3111,503,2162,40,1069.0,1061.0,1.5225,2043.3497536945813,16.168434586949534
210031440,6241,1089,1538,36,970.0,976.0,3.0502,2046.0953380106223,17.449126742509215
210031535,14783,2155,1526,34,945.0,961.0,6.2473,2366.3022425687896,14.577555300006765
210031536,8857,1188,1869,33,996.0,1004.0,2.6109,3392.3168256156882,13.413119566444621
210031537,7898,981,2204,36,1064.0,1071.0,2.3533,3356.138188926189,12.420866042035957
210031538,17214,2372,2003,36,1041.0,1048.0,4.631,3717.1237313755128,13.779481817125596
210041240,13671,1968,2106,39,1041.0,1013.0,129.5487,105.52788256462628,14.395435593592277
210041539,5237,422,2009,32,1037.0,1004.0,51.8922,100.92075494968415,8.05804850105022
210041540,14985,2621,1727,38,1014.0,990.0,41.4496,361.5233922643403,17.490824157490824
210041541,11166,1481,1987,36,1036.0,997.0,37.7941,295.4429395064309,13.263478416621888
210051242,13859,1641,1172,33,789.0,840.0,8.8268,1570.1046811981691,11.840681145825817
210051243,16057,2511,1104,34,791.0,836.0,18.1867,882.8979419025992,15.63803948433705
210051245,18024,3619,1600,41,979.0,965.0,13.936,1293.340987370838,20.07878384376387
210051246,22095,2427,2250,35,1033.0,1032.0,95.906,230.3818322107063,10.984385607603532
210051247,14890,1744,1274,34,800.0,845.0,4.6252,3219.3202456110002,11.712558764271323
210051248,126,22,1437,38,1064.0,1053.0,30.3848,4.146810247228878,17.46031746031746
210051250,6576,1321,1404,40,969.0,952.0,3.8595,1703.8476486591526,20.088199513381998
210051441,8099,898,1523,34,925.0,909.0,3.9685,2040.8214690689176,11.087788615878504
210051442,12309,743,1958,32,968.0,972.0,13.3514,921.9257905537996,6.036233650174669
210051443,21673,1479,1835,32,946.0,955.0,11.9142,1819.0898255862753,6.824159091957735
210051445,23374,828,1982,30,1001.0,997.0,70.8359,329.97392565069407,3.542397535723454
210051542,9842,343,1876,30,965.0,977.0,1.9198,5126.575684967184,3.4850640113798006
210051543,12999,960,1752,31,934.0,954.0,4.089,3179.0168745414526,7.3851834756519725
210051544,9479,872,1642,34,895.0,920.0,8.8762,1067.9119443004888,9.199282624749445
210051545,14658,1124,1619,30,854.0,899.0,3.4138,4293.7489015173705,7.6681675535543725
211011251,12589,2224,1610,38,1004.0,987.0,8.0437,1565.0757735867824,17.666216538247674
211011254,16601,2696,1953,39,1052.0,1042.0,15.2651,1087.5133474395843,16.239985543039577
211011255,6594,787,2756,41,1097.0,1088.0,18.494,356.54806964420897,11.935092508340917
211011256,15418,2504,2083,41,1054.0,1041.0,8.2003,1880.1751155445531,16.240757556103254
211011257,7905,1166,2285,41,1081.0,1073.0,4.1688,1896.229130685089,14.750158127767236
211011258,10375,1622,2363,42,1075.0,1065.0,9.3532,1109.2460334430998,15.633734939759037
211011259,14341,3053,1883,41,1045.0,1044.0,8.3064,1726.500048155639,21.28861306742905
211011260,17942,4144,1821,44,1046.0,1048.0,13.3559,1343.376335552078,23.096644744175677
211011446,23560,4415,1609,39,1015.0,992.0,11.2631,2091.7864531079367,18.739388794567063
211011447,14145,2752,1606,41,1014.0,994.0,6.9851,2025.024695423115,19.455638034641215
211011448,15334,2460,1960,39,1043.0,1016.0,9.1499,1675.865310003388,16.0427807486631
211011449,4345,630,2049,39,1056.0,1025.0,5.7163,760.1070622605531,14.499424626006904
211021261,16275,3477,2284,45,1083.0,1098.0,20.8028,782.346607187494,21.36405529953917
211021262,10112,1892,2779,46,1100.0,1106.0,45.7591,220.9833672427998,18.710443037974684
211031263,11871,1776,1800,39,1029.0,1001.0,9.909,1198.0018165304268,14.960828910791001
211031265,18059,2743,2377,41,1085.0,1075.0,9.492,1902.5495153813736,15.189102386621627
211031266,18715,3192,1660,38,1014.0,1022.0,9.9105,1888.4011906563744,17.055837563451774
211031267,21132,3592,1945,39,1048.0,1048.0,9.3929,2249.784411630061,16.997917849706607
211031268,9654,1895,2330,43,1085.0,1085.0,4.7307,2040.7127909188916,19.62916925626683
211031450,16109,2936,1566,38,1004.0,991.0,8.0982,1989.207478205033,18.225836488919235
211031451,14139,3199,1695,41,1032.0,1025.0,6.7979,2079.9070301122406,22.625362472593537
211031452,4898,799,1888,38,1040.0,1026.0,2.856,1714.9859943977592,16.312780726827274
211041269,10780,2361,1658,42,1021.0,1036.0,4.0702,2648.5185003193947,21.901669758812616
211041270,16795,2719,2030,39,1062.0,1075.0,6.6271,2534.291017187005,16.189342066091097
211041271,12413,2236,1938,39,1041.0,1059.0,5.0785,2444.225657182239,18.013373076613227
211041272,10993,2026,2042,40,1063.0,1071.0,4.6098,2384.7021562757604,18.429909942690802
211041273,11954,3211,1944,46,1060.0,1073.0,6.184,1933.0530401034928,26.86130165634934
211051274,10005,1478,2253,40,1072.0,1057.0,55.652,179.77790555595485,14.772613693153424
211051275,11779,2030,2084,38,1060.0,1037.0,22.2024,530.5282311822145,17.234060616351133
211051276,14065,3177,1594,45,1027.0,993.0,369.5236,38.062521581842134,22.587984358336296
211051277,9916,1963,1654,38,1010.0,985.0,8.2426,1203.0184650474366,19.79628882613957
211051278,19599,3573,1784,40,1035.0,1006.0,109.3817,179.17988109528378,18.2305219654064
211051279,5816,1054,1872,43,1051.0,1024.0,68.5553,84.83662094688522,18.12242090784044
211051280,6943,1346,2094,41,1068.0,1034.0,10.5431,658.5349659967181,19.38643237793461
211051281,23146,3572,1992,37,1031.0,1009.0,12.5434,1845.2732114099845,15.43247213341398
211051282,9706,1934,2102,45,1079.0,1075.0,81.8993,118.51139142825397,19.925819080980837
211051283,9799,1463,2045,38,1051.0,1014.0,16.9894,576.771398636797,14.930094907643637
211051284,9777,1422,2148,41,1071.0,1050.0,8.8907,1099.6884384806594,14.544338754219085
211051285,7902,1211,2066,39,1060.0,1019.0,111.7555,70.70792936365548,15.325234117944825
211051286,16799,3198,1439,43,995.0,955.0,729.7582,23.01995373261993,19.036847431394726
212011289,18633,2899,2176,41,1066.0,1034.0,371.6241,50.13937470686105,15.55841786078463
212011546,23632,2068,2146,33,1056.0,1036.0,33.2503,710.7304294998842,8.750846310088017
212011547,9868,1702,1897,40,1046.0,1003.0,365.9627,26.96449665498697,17.247669233887315
212011548,10069,1615,1823,35,1020.0,975.0,414.663,24.28236905631802,16.039328632436188
212011549,15441,1770,1651,32,979.0,949.0,18.929,815.7324739817212,11.462988148435983
212011550,7479,697,1887,32,1025.0,999.0,24.6776,303.06836969559436,9.319427730980077
212011551,6439,1206,1235,35,948.0,924.0,30.9414,208.10305933151054,18.72961640006212
212011552,26783,2906,1803,33,990.0,968.0,22.2782,1202.206641470137,10.850166150169883
212021293,22963,4911,1885,43,1057.0,1042.0,19.748,1162.8012963338058,21.3865784087445
212021295,11889,1611,1262,34,832.0,859.0,5.1935,2289.2076634254354,13.550340651021953
212021297,11472,1865,1496,36,917.0,925.0,8.0565,1423.943399739341,16.25697350069735
212021299,8241,1450,2659,43,1068.0,1066.0,34.4086,239.50407746900484,17.594952068923675
212021453,12086,1977,1823,39,996.0,989.0,14.4746,834.979895817501,16.357769319874237
212021454,13360,2309,1733,39,998.0,996.0,5.5873,2391.13704293666,17.28293413173653
212021455,13504,1518,1920,36,1010.0,986.0,4.874,2770.6196142798526,11.24111374407583
212021456,14758,1881,1615,35,953.0,945.0,9.3054,1585.960839942399,12.745629489090662
212021553,17760,1534,2361,35,1059.0,1051.0,9.8836,1796.9161034440892,8.637387387387388
212021554,11254,773,2175,34,1044.0,1031.0,4.9713,2263.794178585078,6.868668917718145
212031300,21281,2635,1477,35,920.0,906.0,13.027,1633.6071236662317,12.381936939053615
212031303,17400,1722,2228,32,1054.0,1031.0,81.662,213.07340011265947,9.89655172413793
212031304,21535,1598,1903,32,989.0,973.0,12.898,1669.6387036749884,7.420478291153936
212031306,18027,1294,2330,33,1021.0,1026.0,7.3583,2449.8865227022548,7.178121706329395
212031308,8024,1266,1895,40,1036.0,988.0,98.5112,81.45266731092505,15.77766699900299
212031457,13152,1352,2352,36,1030.0,1023.0,6.2204,2114.3334833772747,10.279805352798054
212031458,16713,1379,2011,33,968.0,965.0,6.7771,2466.099068923286,8.251062047507927
212031555,10535,690,2288,32,1066.0,1067.0,6.8833,1530.5158862754784,6.5495965828191745
212031556,14802,413,2193,29,1046.0,1042.0,19.6543,753.1176383793877,2.790163491420078
212031557,23415,1996,1931,31,1001.0,984.0,11.0254,2123.732472291255,8.524450138799915
212031558,12289,1051,1958,30,1019.0,1004.0,5.3272,2306.8403664213843,8.552363902677191
212031559,12772,603,2184,30,1013.0,1012.0,5.4545,2341.552846273719,4.721265267773254
212031560,11910,1101,1686,34,946.0,931.0,4.7849,2489.080231561788,9.244332493702771
212031561,12715,1143,1623,32,917.0,917.0,8.2189,1547.0440083222816,8.989382618953991
212031562,13368,1526,1462,34,893.0,898.0,5.1234,2609.204824920951,11.415320167564333
212041309,11554,2837,1659,44,990.0,995.0,6.3227,1827.3838708146836,24.554266920546997
212041310,13381,2077,1630,34,954.0,979.0,7.938,1685.6890904509953,15.522008818473957
212041312,22526,4148,1436,38,926.0,934.0,9.459,2381.4356697325297,18.414276835656572
212041313,10499,2321,1981,45,1066.0,1048.0,7.2437,1449.3974074022944,22.10686732069721
212041316,7456,1458,1453,40,936.0,936.0,3.7574,1984.3508809283014,19.554721030042916
212041317,22248,3642,1401,36,845.0,900.0,11.1052,2003.385801246263,16.370010787486518
212041318,12621,2057,1505,38,831.0,878.0,4.56,2767.763157894737,16.298233103557564
212041459,12739,1773,1359,35,904.0,921.0,3.7671,3381.6463592684026,13.91788994426564
212041460,19591,3186,1399,36,853.0,888.0,4.7946,4086.0551453718767,16.26256954724108
212041563,21487,3110,1208,35,828.0,872.0,8.041,2672.1800771048374,14.473867920137758
212041564,9350,1197,1288,32,818.0,864.0,53.7832,173.84610807835904,12.802139037433156
212041565,15096,3113,1525,40,914.0,924.0,6.6053,2285.437451743297,20.621356650768416
212041566,15093,1164,2493,34,1039.0,1074.0,23.6738,637.5402343518996,7.712184456370502
212051319,19507,2981,2011,36,1033.0,1067.0,6.7088,2907.6735034581443,15.281693750961193
212051321,21603,4644,1949,42,1055.0,1084.0,9.1645,2357.2480768181567,21.49701430356895
212051322,21036,3789,1890,39,1039.0,1074.0,7.6758,2740.561244430548,18.011979463776385
212051323,16073,2948,2049,40,1065.0,1091.0,6.484,2478.871067242443,18.341317737821193
212051324,19265,3627,2079,40,1068.0,1092.0,8.7006,2214.215111601499,18.82688813911238
212051325,19889,3904,1913,40,1038.0,1043.0,10.7189,1855.5075614102193,19.628940620443462
212051326,22928,3492,1956,37,1038.0,1056.0,10.1702,2254.4296080706376,15.230286113049546
212051327,20652,6067,1818,48,1066.0,1080.0,10.4394,1978.2746134835338,29.377300019368587
212051567,9829,799,1278,26,981.0,1029.0,5.2293,1879.6014762970185,8.129006002645234
212051568,12052,1386,1711,30,983.0,1013.0,4.1819,2881.94361414668,11.500165947560571
213011328,7502,1170,1366,36,903.0,930.0,4.5883,1635.028223960944,15.59584110903759
213011329,10038,1031,2062,36,951.0,968.0,4.4061,2278.2052154966977,10.270970312811317
213011331,8077,1255,1486,39,899.0,902.0,3.5055,2304.093567251462,15.537947257645165
213011332,13082,2747,1553,42,965.0,959.0,7.6597,1707.899787197932,20.998318299954136
213011333,13983,2457,1246,38,827.0,854.0,4.4323,3154.795478645399,17.571336623042267
213011334,20581,3449,1183,36,825.0,863.0,6.5225,3155.3852050594096,16.758175015791263
213011335,17454,3319,1232,38,821.0,869.0,6.2647,2786.0871230865005,19.015698407241892
213011336,9445,1250,1566,35,931.0,957.0,4.732,1995.984784446323,13.234515616728428
213011337,12047,1978,1399,37,865.0,904.0,8.0239,1501.3895985742595,16.41902548352287
213011338,18558,3380,1416,38,884.0,906.0,12.9688,1430.9727962494603,18.213169522577864
213011339,11726,1595,1820,37,983.0,968.0,3.9479,2970.1866815268877,13.602251407129456
213011340,16910,2904,2167,45,1042.0,1026.0,18.4632,915.8759045019282,17.173270254287402
213011569,18004,2588,1459,35,899.0,912.0,8.0769,2229.073035446768,14.374583425905355
213011570,8653,436,2271,32,987.0,995.0,13.2579,652.6674661899698,5.038714896567664
213021341,13556,2655,1861,42,1040.0,1048.0,17.6826,766.6293418388698,19.585423428740043
213021342,18479,3324,1573,41,983.0,967.0,10.5419,1752.909817015908,17.987986362898425
213021343,14931,2752,1740,37,968.0,993.0,16.1844,922.5550530140135,18.431451342843747
213021344,18753,2097,2555,38,1075.0,1103.0,8.8407,2121.212121212121,11.182210846264597
213021345,4952,563,2042,37,1024.0,1006.0,1.6199,3056.978825853448,11.369143780290791
213021346,15912,2905,2382,45,1067.0,1101.0,7.3463,2165.9883206512122,18.256661639014578
213031347,19068,2249,1686,34,925.0,965.0,7.4843,2547.7332549470225,11.794629746171596
213031348,17131,1878,1763,34,987.0,1030.0,4.9671,3448.893720682088,10.96258245286323
213031349,12573,1432,2020,36,1045.0,1063.0,5.4934,2288.7464957949537,11.389485405233437
213031350,9247,886,2364,37,1060.0,1103.0,1.6803,5503.183955246087,9.581485887314804
213031351,11735,1169,1988,35,1016.0,1046.0,5.9807,1962.1448994264886,9.961653174265019
213031352,15463,1656,2483,37,1077.0,1109.0,5.62,2751.423487544484,10.709435426501972
213041353,24717,3989,1807,37,1011.0,983.0,196.2983,125.9155071643514,16.138689970465673
213041358,21208,2101,1621,33,940.0,920.0,24.2021,876.2875948781303,9.906639004149378
213041359,17553,664,2123,31,1035.0,1029.0,125.7609,139.57438281691685,3.782829146014926
213041360,19539,1519,2315,34,1034.0,1023.0,5.9679,3274.0159855225456,7.774195199344899
213041461,5800,919,1871,37,982.0,982.0,2.552,2272.7272727272725,15.844827586206897
213041462,6377,356,2246,33,1006.0,1007.0,1.9954,3195.8504560489123,5.582562333385605
213041463,20365,1814,2133,35,1014.0,1011.0,6.9526,2929.120041423352,8.907439233979868
213041571,9829,1151,1627,33,952.0,937.0,10.6929,919.2080726463354,11.710245192796826
213041572,7598,193,2056,29,1007.0,1001.0,19.7593,384.52779197643645,2.5401421426691235
213041573,2990,238,2562,35,1090.0,1056.0,69.4885,43.02870259107622,7.959866220735785
213041574,10098,463,2254,31,1047.0,1035.0,58.7312,171.93587054240336,4.585066349772232
213041575,16182,1536,2212,36,1035.0,1013.0,7.8166,2070.209554026047,9.492028179458657
213041576,11632,1404,1556,35,947.0,921.0,120.8438,96.25648978267813,12.070151306740028
213041577,7886,1594,1061,39,849.0,843.0,9.8614,799.6836149025494,20.213035759573927
213041578,16658,1831,1363,32,877.0,881.0,11.0206,1511.5329473894344,10.991715692159923
213051361,18446,2295,1705,37,970.0,955.0,10.9136,1690.184723647559,12.441721782500272
213051362,18772,2932,1470,37,944.0,936.0,7.0114,2677.354023447528,15.619007031749414
213051363,11459,699,2091,32,993.0,1015.0,22.2451,515.1246791428224,6.1000087267649885
213051368,16810,2593,1802,37,1005.0,1001.0,114.0332,147.41320948636013,15.425342058298632
213051464,19274,1129,2381,33,1051.0,1072.0,19.0354,1012.5345409079926,5.85763204316696
213051466,19091,803,2522,33,1072.0,1087.0,9.4219,2026.2367463038238,4.206170446807396
213051467,19010,2895,1374,36,895.0,897.0,7.7569,2450.721293300159,15.228826933193057
213051468,22341,1794,1995,32,1007.0,992.0,127.6631,174.99966709252712,8.030079226534175
213051579,10616,379,2309,31,1041.0,1037.0,72.0339,147.37505535588105,3.5700828937452904
213051580,14167,1305,2185,36,1040.0,1033.0,5.5527,2551.3714049021196,9.211547963577328
213051581,9565,597,2439,34,1054.0,1057.0,2.938,3255.6160653505785,6.241505488761108
213051582,10132,212,2086,29,1025.0,1021.0,36.7062,276.0296625638175,2.0923805763916303
213051583,28116,1332,2164,30,1015.0,1011.0,7.9607,3531.850214177145,4.737516005121639
213051584,7197,115,2198,29,1032.0,1031.0,14.3452,501.7009173800295,1.597888008892594
213051585,11182,730,1885,31,988.0,981.0,3.1301,3572.4098271620715,6.528349132534431
213051586,9340,164,2307,30,1040.0,1046.0,17.5191,533.1324097699082,1.7558886509635976
213051587,9596,282,2337,31,1050.0,1053.0,4.2675,2248.6233157586407,2.938724468528554
213051588,19065,885,1947,30,992.0,995.0,5.3778,3545.129978801741,4.642014162077104
213051589,9032,371,1862,29,980.0,976.0,51.2497,176.23517796201736,4.107617360496015
213051590,13546,1239,1766,33,958.0,947.0,4.9575,2732.425617750883,9.146611545843792
214011370,21976,2961,1658,36,986.0,950.0,20.308,1082.1351191648612,13.473789588642154
214011371,23586,4129,1383,39,972.0,962.0,11.6244,2029.0079487973574,17.50614771474604
214011372,19453,3585,1313,38,925.0,909.0,13.2382,1469.45959420465,18.42903408214671
214011373,18801,4132,2038,44,1069.0,1062.0,14.5603,1291.2508670837826,21.977554385405032
214011374,24939,3762,1950,38,1040.0,1005.0,37.6199,662.9204224359979,15.084806928906533
214011375,17215,3083,1500,40,997.0,979.0,12.4321,1384.7218088657587,17.908800464711007
214011376,13303,1527,2224,38,1049.0,1028.0,19.8152,671.3533045338932,11.478613846500789
214021377,13366,4108,1398,51,1026.0,998.0,45.0575,296.64317816123844,30.734699985036663
214021378,5995,1956,2197,56,1093.0,1095.0,287.3793,20.86093187644343,32.627189324437026
214021379,23970,5377,1407,42,1006.0,969.0,108.8841,220.14233483125633,22.43220692532332
214021381,18734,4171,2547,45,1104.0,1115.0,23.2077,807.232082455392,22.264332230169746
214021382,19846,4720,2097,46,1079.0,1068.0,30.2094,656.9478374280853,23.783130101783733
214021383,19811,6387,1430,53,1040.0,1016.0,67.1876,294.8609564860182,32.239664832668716
214021384,22944,7657,1155,52,982.0,948.0,23.7957,964.207819059746,33.37255927475592
214021385,18522,3524,1781,41,1036.0,999.0,117.354,157.8301549158955,19.02602310765576
214021591,15175,3946,1502,45,1020.0,995.0,14.6884,1033.1281827836933,26.003294892915978
214021592,10581,4095,1389,57,1043.0,1036.0,6.4044,1652.1454000374742,38.70144598809186
215011386,8500,2060,1216,45,929.0,904.0,161.179,52.736398662356756,24.235294117647058
215011387,3204,799,1384,49,1020.0,998.0,4023.1983,0.7963813267668164,24.93757802746567
215011388,16985,3691,1347,40,978.0,948.0,83.0691,204.46832817497722,21.730939063879894
215011389,3471,659,1567,46,1049.0,1012.0,4251.4674,0.8164239951598828,18.98588303082685
215011390,6956,1919,1179,50,953.0,934.0,11042.793,0.6299131026000397,27.58769407705578
215011391,3453,1025,993,52,951.0,920.0,3008.5749,1.1477194734290976,29.684332464523607
215011392,8504,2181,1184,48,951.0,921.0,2743.4313,3.099767798085558,25.646754468485415
215011393,2766,759,1176,52,983.0,967.0,5686.3869,0.48642486848722866,27.440347071583517
215011394,6501,1901,1099,52,945.0,922.0,7139.5816,0.9105575598435628,29.241655129980003
215021395,7700,1334,1716,40,1031.0,987.0,88.5725,86.93443224477123,17.324675324675326
215021396,4976,1007,1338,43,958.0,922.0,101.7138,48.92158192890247,20.237138263665592
215021398,3726,877,1239,46,975.0,947.0,21568.7961,0.1727495583307035,23.537305421363392
215021399,6138,1108,1346,41,931.0,902.0,246.7231,24.87809207974446,18.0514825676116
215021469,18027,3582,1210,39,885.0,888.0,25.117,717.7210654138631,19.870194707938094
215021470,16408,3257,1407,39,949.0,932.0,50.9981,321.73747649422234,19.85007313505607
215031400,6184,1783,1089,52,975.0,946.0,8068.6848,0.766419825942389,28.832470892626134
215031401,6719,2001,1114,52,972.0,934.0,3568.3246,1.882956500089706,29.781217443071885
215031402,3960,1228,1006,51,919.0,895.0,146.6076,27.010878017237854,31.01010101010101
215031403,3740,568,1347,36,823.0,867.0,181.5961,20.595155953239082,15.187165775401072
215031404,11186,2346,1390,38,961.0,940.0,126.5903,88.36380038596954,20.972644376899694
215031405,6477,1249,1373,43,973.0,940.0,5759.5788,1.1245614002190576,19.283618959394783
216011406,15636,3807,1347,45,971.0,937.0,183.9532,84.99988040436371,24.347659247889485
216011407,11121,2759,1228,45,961.0,926.0,738.862,15.051525183322461,24.80892006114558
216011408,3927,771,1428,45,998.0,960.0,1646.4376,2.3851496102858682,19.63330786860199
216011409,4016,1152,1166,50,948.0,918.0,351.6446,11.420621843759294,28.68525896414343
216011410,4193,1156,1072,52,941.0,916.0,1633.8861,2.5662743565784667,27.56975912234677
216021411,6465,1923,1057,48,910.0,889.0,131.7229,49.08030418401052,29.744779582366586
216021412,2843,603,1361,48,989.0,956.0,1498.8283,1.8968149987560283,21.209989447766446
216021413,12555,2904,1243,46,966.0,934.0,2320.6721,5.410070642896944,23.130227001194744
216021414,8661,2936,1149,52,974.0,934.0,94.6968,91.46032389690043,33.89908786514259
216031415,8312,1905,1121,43,890.0,873.0,39.9733,207.93879914843157,22.91867179980751
216031416,19928,3533,1560,38,961.0,949.0,65.6581,303.51167639636236,17.728823765556
216031418,4017,680,1628,43,1034.0,999.0,1055.5777,3.8054991120028396,16.92805576300722
216031419,10346,2169,1379,45,975.0,950.0,1028.6793,10.057556324891538,20.96462400927895
216031593,9082,1516,2001,38,1042.0,1015.0,77.4435,117.27259227695029,16.692358511341116
216031594,16520,3286,1144,37,854.0,864.0,65.8306,250.9471279313875,19.8910411622276
217011420,8920,2408,1234,51,979.0,942.0,6121.4257,1.4571768795625504,26.99551569506726
217011421,10346,2716,1247,45,984.0,944.0,198.3369,52.163767811234315,26.251691474966172
217011422,11230,2784,1200,47,931.0,902.0,63.985,175.5098851293272,24.79073909171861
217011423,6301,1586,1289,49,1011.0,991.0,6562.6438,0.9601313421886466,25.170607840025394
217031471,3491,1071,1129,50,967.0,928.0,98.1179,35.57964448892608,30.67888857061014
217031472,12756,3094,1250,42,939.0,903.0,54.7344,233.05270542839602,24.255252430228914
217031473,5669,1193,1441,45,1027.0,988.0,1934.2762,2.9308120525910417,21.044275886399717
217031474,5395,1353,1183,49,963.0,939.0,2538.3285,2.1254144213406576,25.078776645041707
217031475,7180,1562,1406,45,1010.0,979.0,1805.2081,3.9773807795345033,21.754874651810585
217031476,4008,1103,1167,52,1004.0,977.0,1505.8895,2.661549868034806,27.519960079840324
217041477,7018,1339,1513,42,1011.0,986.0,3275.7989,2.1423781539214755,19.079509831860932
217041478,10014,2412,1522,46,1040.0,1005.0,2037.7626,4.914213265078081,24.08627920910725
217041479,22405,4390,1451,40,994.0,956.0,62.4199,358.94001752646193,19.593840660566837
217041480,13337,3184,1380,44,999.0,972.0,120.1957,110.96070824497049,23.873434805428506
297979799,38,4,0,50,,,,,10.526315789473683
299999499,9089,794,0,0,,,,,8.735834525250302
