SA2_CODE21,LST,NDVI,NDBI,pop,elderly,median_hhd_income,median_age,IRSD_score,IRSAD_score,area_km2,pop_density,elderly_pct,SUHI
206011106,34.23224934128852,0.30421333725762933,-0.005894726684313753,12738,1121,2087,33,1076.0,1117.0,2.1682,5874.919287888571,8.800439629455173,0.6291110278144316
206011107,33.63158293580168,0.3295281815612283,-0.016928010302765608,14318,1760,1786,35,1047.0,1073.0,3.1795,4503.223777323478,12.292219583740746,0.028444622327590707
206011109,33.60313831347409,0.3644885289976152,-0.02800026740619151,10390,1520,2245,39,1069.0,1076.0,2.9887,3476.427878341754,14.629451395572666,0.0
206011495,34.17103142810038,0.24331097805594654,0.043755388717963,12890,1491,2062,34,1054.0,1097.0,2.4091,5350.545846996803,11.56710628394104,0.5678931146262869
206011496,35.033436220498274,0.21900548920807994,0.03673175063633663,12983,1346,2126,34,1068.0,1116.0,2.7334,4749.7622009219285,10.367403527690056,1.4302979070241832
206011497,33.9492190853894,0.3278974140083851,-0.01747616954222373,12535,1754,1944,37,1027.0,1060.0,3.7471,3345.25366283259,13.992820103709612,0.34608077191531095
206011498,33.663073893587935,0.32028799283227555,0.012543789611991069,14031,2002,2186,37,1042.0,1068.0,3.1876,4401.744259003639,14.268405673152309,0.05993558011384437
206021110,33.310278102311784,0.36167326248854903,-0.032181386970682,8994,1218,2112,38,1070.0,1107.0,2.8853,3117.180189235088,13.54236157438292,-0.2928602111623064
206021112,34.04434466042401,0.34098478446498015,-0.01141117499530705,18919,2576,1978,37,1048.0,1083.0,4.9972,3785.920115264548,13.615941645964377,0.4412063469499188
206021499,33.526189489380194,0.3529178784443837,-0.027939384704784166,15068,2089,2251,38,1064.0,1112.0,3.5134,4288.723174133318,13.86381736129546,-0.07694882409389692
206021500,33.18658096707289,0.36305865502658735,-0.038586009470233475,10299,1234,2318,36,1080.0,1124.0,2.6316,3913.588691290469,11.98174580056316,-0.41655734640119846
206031113,33.77816657243273,0.35210268215967455,-0.03449634854655699,15191,1901,2192,37,1015.0,1062.0,3.8361,3960.0114699825344,12.513988545849516,0.1750282589586405
206031115,32.99386739563586,0.34201528973521017,-0.04948974289930303,9065,1049,1571,34,929.0,997.0,1.5808,5734.438259109312,11.571980143408716,-0.6092709178382307
206031116,33.99592280767578,0.33762780203259507,-0.0311167070769637,16224,2528,2111,38,1067.0,1097.0,4.3551,3725.28759385548,15.581854043392504,0.3927844942016918
206031501,33.81011792956523,0.35253458788168673,-0.02656349523573675,16042,2595,2195,40,1073.0,1086.0,4.8886,3281.512089350734,16.176287245979303,0.20697961609113946
206031502,33.746585196239394,0.36257154130267893,-0.03884225481094144,12191,1828,2055,37,1071.0,1091.0,3.5543,3429.929944011479,14.994668197850874,0.14344688276530349
206041117,33.2902691672767,0.2783607752169857,-0.0452186274048324,16655,1358,1289,27,962.0,1050.0,1.8187,9157.640072579316,8.153707595316721,-0.3128691461973929
206041118,30.978567064131976,0.1125075878766962,1.0227992153140527e-05,15493,944,1956,32,1044.0,1109.0,2.444,6339.198036006547,6.093074291615568,-2.6245712493421145
206041119,32.26358892192335,0.4106595090176078,-0.14721425742477537,4896,1094,2345,42,1107.0,1156.0,2.8998,1688.3923029174423,22.344771241830067,-1.3395493915507402
206041120,34.006631774328184,0.419499600269427,-0.11078685461743751,77,0,2178,32,1119.0,1133.0,1.7093,45.04768033698005,0.0,0.40349346085409366
206041121,33.91492274398606,0.2821301493603431,-0.01889447188117199,10745,1096,2216,35,1044.0,1097.0,2.147,5004.65766185375,10.200093066542577,0.31178443051197036
206041124,32.49831871121703,0.44083045139223725,-0.11354176361182722,7297,742,1885,26,1055.0,1102.0,4.0491,1802.128868143538,10.168562422913526,-1.1048196022570593
206041125,31.908630654718706,0.4446813697560321,-0.13470179452621875,6423,1463,2259,39,1103.0,1147.0,1.5027,4274.306248752247,22.77751829363226,-1.6945076587553842
206041127,34.2998342390963,0.08139543240940186,0.004606734941993191,0,0,0,0,,,6.1992,0.0,,0.6966959256222083
206041503,32.81412828332983,0.15458394385255314,0.029826832150401873,9848,628,1511,30,995.0,1079.0,0.802,12279.30174563591,6.376929325751422,-0.7890100301442615
206041504,32.44924741155939,0.13695873627711813,0.0283185949589428,16870,324,1089,26,961.0,1051.0,0.5616,30039.17378917379,1.920569057498518,-1.1538909019147
206041505,31.84197420379575,0.1606524121864907,0.0066374223816488,15648,394,1446,29,994.0,1073.0,1.0051,15568.60013928962,2.5178936605316973,-1.7611641096783401
206041506,33.86573761587648,0.23924032125985667,-0.00997870164360727,15637,1262,1718,31,981.0,1056.0,2.4248,6448.779280765424,8.070601777834623,0.2625993024023927
206041507,28.504880316692216,0.6532722920374469,-0.31279366934852953,0,0,7000,70,,,1.3511,0.0,,-5.098257996781875
206041508,32.838290418549455,0.1371097169874734,0.001973134820771621,6463,542,2054,33,1055.0,1112.0,0.8496,7607.10922787194,8.386198359894784,-0.7648478949246353
206041509,33.47505171628808,0.228128034767278,-0.01961309519203631,16101,738,1880,31,1052.0,1104.0,0.804,20026.119402985078,4.583566238121856,-0.12808659718601234
206041510,33.92544287490118,0.23290585019957805,-0.014328670508630851,7446,325,1784,31,1046.0,1099.0,0.8247,9028.737722808291,4.364759602471126,0.32230456142708874
206051128,31.935477064855696,0.32431141621512183,-0.08284895257264825,15825,2952,2303,41,1084.0,1132.0,4.6747,3385.243972875265,18.65402843601896,-1.6676612486183942
206051129,31.29342276786762,0.36964597845243635,-0.05174969488353566,14818,1591,2093,38,1083.0,1117.0,2.553,5804.1519780650215,10.736941557565125,-2.309715545606469
206051130,32.822245523445666,0.26740469518935917,-0.033902099891188996,16192,2816,2347,43,1052.0,1108.0,2.7894,5804.8325804832575,17.391304347826086,-0.7808927900284246
206051134,32.49488288184267,0.32582546672055085,-0.0250550707176422,15813,1559,1988,34,1066.0,1101.0,2.4135,6551.895587321318,9.858976791247708,-1.1082554316314202
206051511,34.59429167340113,0.1481375012545399,0.018068628508217964,1907,49,2407,32,1084.0,1141.0,7.6426,249.5224138382226,2.5694808599895125,0.9911533599270399
206051512,33.50020549386607,0.2324389639626713,-0.0116335244845235,11693,1881,2103,39,1029.0,1094.0,1.8897,6187.754670053448,16.086547507055503,-0.10293281960802148
206051513,32.678338187645224,0.28137715701395527,-0.02178987615269827,11857,1088,1788,35,1047.0,1083.0,1.5375,7711.869918699186,9.176014168845407,-0.9248001258288667
206051514,32.37955205922399,0.31889334250312673,-0.05909113691889004,13858,1869,1849,38,1052.0,1091.0,2.3637,5862.842154249693,13.48679463125992,-1.223586254250101
206061135,32.44542522108948,0.3543590600973697,-0.055323739630111224,9336,1784,2207,38,1089.0,1130.0,2.1835,4275.704144721777,19.108826049700088,-1.1577130923846113
206061136,32.86278047864148,0.2815211063680006,-0.006328682264257988,19119,2407,2098,34,1076.0,1123.0,2.9053,6580.731766082677,12.589570584235576,-0.7403578348326079
206061138,32.27038183912922,0.43205711474078284,-0.11121020654291303,12953,3521,2538,47,1104.0,1150.0,4.3233,2996.0909490435547,27.182891994132635,-1.332756474344869
206061515,32.24598013450978,0.3776989190047559,-0.0919611309008989,11192,939,2042,32,1090.0,1142.0,1.1696,9569.08344733242,8.389921372408864,-1.357158178964312
206061516,33.262463284039015,0.2645961941457323,-0.009866433707648576,9939,1423,2001,35,1030.0,1094.0,1.3475,7375.881261595548,14.317335748063185,-0.34067502943507577
206071139,34.092064069068584,0.27040190243809825,-0.014076853067629855,9088,854,2197,33,1077.0,1127.0,1.7405,5221.488078138466,9.397007042253522,0.4889257555944937
206071140,33.491451902664224,0.34732093562484984,-0.0524240903501921,8186,1264,2355,34,1087.0,1135.0,2.3042,3552.6429997396062,15.440996823845593,-0.11168641080986674
206071141,34.88783583710951,0.15765830759444355,0.052912841434068394,9179,650,2130,33,962.0,1045.0,1.2669,7245.244297103166,7.081381414097396,1.2846975236354226
206071142,34.11578086204235,0.20559590893760413,0.02339699829783182,10431,1156,2194,35,979.0,1066.0,1.3779,7570.215545395167,11.082350685456811,0.5126425485682589
206071143,33.7134033436585,0.3239278444111954,-0.03557083366544516,12781,2003,2300,36,1066.0,1125.0,2.5051,5101.991936449643,15.67170017995462,0.11026503018440792
206071145,31.81913072338777,0.48253908547159546,-0.13398438418854047,9855,1419,2529,37,1094.0,1143.0,5.2089,1891.954155387894,14.398782343987824,-1.784007590086322
206071517,33.64604652318175,0.27863832583280385,-0.0228593449258458,17671,1840,2577,33,1106.0,1158.0,4.2891,4119.978550278613,10.412540320298795,0.042908209707661626
206071518,34.5497327793001,0.2316684339756462,0.02123714379979118,13867,1606,2009,34,977.0,1048.0,1.9233,7210.003639577809,11.58145236893344,0.9465944658260099
207011146,32.22034193220602,0.46087833221222196,-0.0962219892400368,7952,1341,2743,41,1082.0,1126.0,2.8366,2803.356130578862,16.863682092555333,-1.3827963812680721
207011147,32.74035509648693,0.4539406968454557,-0.08439884768630847,16163,3532,2017,43,1064.0,1109.0,5.5851,2893.9499740380656,21.85237889005754,-0.862783216987161
207011148,33.037782133421686,0.46817699519498585,-0.08877039797521884,21123,3693,2350,42,1075.0,1115.0,8.8492,2386.9954346155587,17.48331202954126,-0.5653561800524045
207011149,32.598263868421135,0.46244853539322583,-0.08584752586494052,21232,4540,2472,43,1097.0,1137.0,7.2919,2911.723967690177,21.382818387339864,-1.0048744450529554
207011150,32.326660202893926,0.466413856277662,-0.08563206287530131,16829,2776,2914,41,1116.0,1155.0,5.7049,2949.920244000771,16.495335432883714,-1.2764781105801646
207011152,33.131727065292885,0.39028995247586323,-0.061288679275955237,15684,2362,2228,36,1091.0,1132.0,3.824,4101.464435146444,15.059933690385105,-0.47141124818120517
207011154,31.49246287715099,0.5413087563975467,-0.15077429901294273,6482,1143,2485,41,1087.0,1122.0,4.0154,1614.2850027394531,17.63344646713977,-2.110675436323099
207011155,31.836676773000107,0.4744535381761311,-0.09822591975906156,15944,3404,2709,45,1103.0,1143.0,5.7026,2795.917651597517,21.34972403411942,-1.7664615404739834
207011519,32.87285740876572,0.4089908594070394,-0.08770440194844764,9890,1455,2300,35,1088.0,1133.0,2.4558,4027.2009121263945,14.711830131445906,-0.7302809047083727
207011520,33.24942109567325,0.40521935259907843,-0.08306034477212547,11957,1697,2055,34,1087.0,1125.0,3.2163,3717.625843360383,14.192523208162584,-0.35371721780084187
207011521,33.00606449436617,0.4333290343381333,-0.0764736032804405,11601,2336,2577,42,1100.0,1143.0,4.3235,2683.2427431479123,20.13619515559004,-0.5970738191079192
207011522,32.02790528649175,0.4770922064036526,-0.12522065003953287,13039,2427,2459,41,1081.0,1126.0,6.2106,2099.4750909734967,18.613390597438453,-1.575233026982339
207021156,32.405440094300886,0.4898912873178186,-0.12386134487381481,11289,2726,1812,45,1047.0,1061.0,6.6711,1692.224670594055,24.147400124014528,-1.1976982191732048
207021157,33.55814433815731,0.4210908002577046,-0.07813650634718809,24814,5371,1595,40,1027.0,1057.0,8.7738,2828.1930292461648,21.64503909083582,-0.04499397531677829
207021159,32.323577903458336,0.5104737421232182,-0.10529205808735757,16966,4256,2163,46,1074.0,1094.0,16.1176,1052.6381098922916,25.085465047742545,-1.2795604100157547
207021160,33.4891164390108,0.4521488749672412,-0.09598970618659955,14191,3547,1919,45,1055.0,1071.0,5.9386,2389.6204492641364,24.994714960186037,-0.11402187446329037
207021424,34.04825075357935,0.44588328372870967,-0.08818059433018488,15672,3440,1934,43,1059.0,1079.0,6.403,2447.602686240825,21.949974476773864,0.4451124401052624
207021425,33.74836866670408,0.4124797380870396,-0.0806080152731237,15454,3082,1656,40,1030.0,1050.0,4.7684,3240.919385957554,19.943056813769896,0.14523035322999078
207031161,32.177965388790156,0.45714949309608455,-0.10301103990594976,22106,3878,2050,40,1069.0,1087.0,8.6076,2568.195548120266,17.542748575047497,-1.4251729246839346
207031162,32.46981481289312,0.44788107854162124,-0.10018608561764863,10939,2312,1861,42,1054.0,1071.0,3.5966,3041.4836234221207,21.13538714690557,-1.1333235005809712
207031163,32.73211666486269,0.4299219690963705,-0.08049821678294375,22841,3357,1441,34,991.0,1041.0,7.0123,3257.276499864524,14.697254936298762,-0.8710216486114035
207031164,33.40205447431529,0.45363756370083763,-0.09540886248834145,18126,2971,1920,39,1041.0,1075.0,6.2087,2919.451737078615,16.39081981683769,-0.20108383915879813
207031165,32.57278388539363,0.42816554684009994,-0.07987766118079193,12336,2023,1564,33,1010.0,1049.0,5.0392,2448.007620257184,16.399156939040207,-1.0303544280804573
207031166,33.245387642662656,0.395577483761112,-0.07949474741189616,10675,2383,1610,41,1031.0,1047.0,4.2629,2504.1638321330547,22.3231850117096,-0.3577506708114342
207031167,32.14024502463214,0.4703764899644132,-0.09178126709486138,10166,1993,2388,42,1096.0,1130.0,3.3279,3054.779290243096,19.604564233720247,-1.4628932888419541
208011168,31.765329421469005,0.4515026844417269,-0.11383459742712906,14021,3147,2622,48,1108.0,1134.0,5.9678,2349.4420054291363,22.44490407246273,-1.8378088920050857
208011169,32.335007199950205,0.3978401563975117,-0.07821842700134311,22758,5689,2718,48,1101.0,1146.0,8.2004,2775.230476562119,24.997802970384043,-1.2681311135238857
208011170,32.69254672286506,0.42429068870248415,-0.07606781666007097,16540,3370,2720,44,1090.0,1133.0,5.6083,2949.200292423729,20.37484885126965,-0.9105915906090303
208011171,33.23888886369106,0.3885757187006035,-0.05850880346485331,12439,1859,2291,40,1071.0,1098.0,5.3198,2338.245798714237,14.944931264571109,-0.3642494497830313
208011172,32.33771125305031,0.3880944093617003,-0.06889006235243823,18200,3216,2415,43,1074.0,1115.0,5.6847,3201.576160571358,17.67032967032967,-1.2654270604237823
208011173,31.754569106507113,0.41130469988978413,-0.08896968218325534,17358,4154,2356,48,1094.0,1125.0,6.4301,2699.4914542542106,23.931328494066136,-1.8485692069669781
208021174,33.52944483655762,0.37782464293694107,-0.04312818109382185,24896,3949,2240,40,1069.0,1102.0,6.2242,3999.8714694257897,15.86198586118252,-0.07369347691646766
208021176,33.18749411861653,0.36221562513153144,-0.03561711022410164,18534,2818,1873,36,1062.0,1087.0,3.8045,4871.599421737416,15.204489047156578,-0.4156441948575633
208021177,32.470277131284455,0.3834718871034982,-0.0672594555242988,22362,3959,2184,35,1085.0,1122.0,6.4189,3483.7744784932,17.704140953403094,-1.132861182189636
208021178,33.02763370563463,0.36592470353845974,-0.04428524544224915,18075,3806,2289,41,1086.0,1120.0,4.7426,3811.200607261839,21.0567081604426,-0.5755046078394628
208021179,32.56243924990682,0.3573808695141676,-0.046130078284643786,11904,1921,2171,38,1085.0,1118.0,2.8616,4159.910539558289,16.137432795698924,-1.0406990635672742
208021180,33.22517818570486,0.37845901883317945,-0.03820869317984343,7563,1117,2057,38,1051.0,1073.0,2.0095,3763.6227917392384,14.769271453127066,-0.37796012776922794
208021181,32.97307663766033,0.3974875151506695,-0.052786882776334074,9369,1350,2089,38,1077.0,1099.0,2.5148,3725.5447749324,14.409221902017292,-0.6300616758137636
208021182,33.417620717339915,0.3687171364031176,-0.039038018827064855,13128,1721,1978,36,1066.0,1090.0,2.9371,4469.715025024684,13.10938452163315,-0.18551759613417573
208021426,34.02954213327135,0.36476961161859833,-0.048137060007103646,16583,2311,2250,39,1067.0,1091.0,4.5989,3605.8622714127287,13.93595851172888,0.42640381979725817
208021427,34.182600592295195,0.42527827664410117,-0.08233270269912477,14057,2396,2173,40,1076.0,1090.0,4.5882,3063.728695348939,17.044888667567758,0.5794622788211043
208031183,32.40331133291058,0.4173120556910034,-0.09424943431050294,8853,1369,2348,42,1080.0,1079.0,5.3073,1668.0798145949918,15.46368462668022,-1.1998269805635076
208031184,32.99800065012262,0.3944361015240275,-0.050952607263041495,31,3,933,56,,,9.0819,3.413382662218259,9.67741935483871,-0.6051376633514707
208031185,32.53701411879045,0.35075199892972864,-0.0728040698250658,12032,2403,1853,44,1043.0,1033.0,5.8242,2065.86312283232,19.971742021276597,-1.0661241946836384
208031186,32.7809626314007,0.38215340071654025,-0.07080707097200817,15204,2965,1718,41,1043.0,1037.0,5.423,2803.614235662917,19.501446987634832,-0.822175682073393
208031187,32.7335816183603,0.4375566530155298,-0.10338789244248206,5393,995,1867,40,1048.0,1024.0,3.1958,1687.5273796858376,18.449842388281105,-0.8695566951137934
208031188,34.78014101677471,0.3386032754523388,-0.039224287140489,24085,4609,1853,40,1047.0,1055.0,8.7376,2756.477751327596,19.136391945194102,1.1770027033006158
208031189,32.53456144388231,0.3893657499682626,-0.0771498014083142,13563,2088,2223,40,1073.0,1077.0,5.1001,2659.3596203996,15.394824153948242,-1.06857686959178
208031190,33.259020018072945,0.3452220547578143,-0.04000110638274359,13197,2591,1889,42,1061.0,1072.0,4.45,2965.61797752809,19.6332499810563,-0.34411829540114525
208031191,34.56883440651826,0.35846001566580304,-0.043761833055631326,9116,1469,2046,40,1048.0,1066.0,11.6997,779.1652777421643,16.114523913997367,0.9656960930441727
208031192,35.6291599407422,0.33903287694302175,-0.02261802060941539,26,0,0,22,,,3.0755,8.453909933344171,0.0,2.0260216272681077
208031193,33.34830166405947,0.3731462673730649,-0.05615747234433033,21199,3598,2090,42,1072.0,1082.0,7.9681,2660.4836786686915,16.972498702769,-0.2548366494146208
208041194,32.63694868196281,0.4045855452081087,-0.07860143778932202,20239,4002,2364,40,1098.0,1137.0,6.1552,3288.114114894723,19.77370423439893,-0.9661896315112841
208041195,32.348286343045615,0.4305061580712354,-0.08180743811156825,21923,3716,2386,38,1088.0,1128.0,7.5666,2897.3383025401104,16.950234913104957,-1.2548519704284757
209011196,34.59994084616336,0.3836441929440208,-0.05414828824337033,9831,1966,1705,39,1024.0,1017.0,4.0749,2412.574541706545,19.997965618960432,0.9968025326892729
209011197,33.24790504225691,0.45940455030891414,-0.09001781653111433,20807,4205,2078,42,1070.0,1061.0,10.0974,2060.629468972211,20.20954486470899,-0.3552332712171804
209011198,32.90968217133451,0.4451974749259935,-0.08352424882383834,16039,3071,2102,40,1075.0,1089.0,6.3717,2517.224602539354,19.14707899494981,-0.6934561421395813
209011199,33.96489623658531,0.37624410820976284,-0.045662078095705064,14852,1911,1618,35,962.0,991.0,6.6912,2219.6317551410807,12.866953945596553,0.36175792311122024
209011200,31.933286120897026,0.49161605759548455,-0.12170579024488597,12458,2288,2280,41,1085.0,1115.0,5.0498,2467.028397164244,18.36570878150586,-1.6698521925770642
209011201,30.90383031458386,0.5365259097379989,-0.15088105160924534,7740,1625,2914,45,1118.0,1147.0,4.2769,1809.72199490285,20.99483204134367,-2.69930799889023
209011202,31.70263862346568,0.5198491745252277,-0.12133234154268531,16539,3386,2068,42,1080.0,1073.0,12.0278,1375.0644340610918,20.472821815103696,-1.9004996900084095
209011203,32.90182892951934,0.47013957423706243,-0.0908651657151352,18733,3625,2025,40,1066.0,1068.0,10.2379,1829.76977700505,19.350878129504085,-0.7013093839547508
209011204,34.023176906894115,0.42499563826812026,-0.07061518675614531,9236,1691,1961,39,1046.0,1035.0,3.7857,2439.707319650263,18.308791684712,0.42003859342002414
209021205,32.789403789890116,0.47658206115940993,-0.09824353130970317,10408,1419,1727,34,1012.0,1033.0,9.0094,1155.23786267676,13.633743274404305,-0.8137345235839746
209021428,34.95068638799982,0.27922223885687,0.014177922707344989,20711,2661,1787,36,1004.0,1031.0,7.7457,2673.870663723098,12.848244894017672,1.3475480745257329
209021429,33.74638848312354,0.3551694011965535,-0.01494264235068761,12696,1791,1970,38,1034.0,1056.0,3.5679,3558.395694946608,14.106805293005667,0.14325016964944837
209021523,34.677120174166575,0.3876682774615311,-0.04392840991177758,14795,2270,1544,36,974.0,983.0,4.788,3090.016708437761,15.34302129097668,1.0739818606924842
209021524,34.323085722096806,0.3853149979724248,-0.027764102338672443,9801,2484,1442,43,964.0,965.0,4.5297,2163.7194516193126,25.34435261707989,0.7199474086227156
209021525,34.421855792523615,0.3775030401514428,-0.036494169469201886,12799,2321,1401,38,958.0,978.0,4.1783,3063.207524591341,18.134229236659117,0.8187174790495249
209021526,34.434278032673106,0.3370311247776848,-0.021111146087032982,14090,1813,1743,37,1003.0,1017.0,5.6247,2505.0224900883604,12.867281760113556,0.8311397191990153
209031209,30.915280390403847,0.5413614407072573,-0.13205560703782723,23444,4154,2464,43,1098.0,1099.0,19.4882,1202.9843700290432,17.71881931411022,-2.6878579230702435
209031210,31.451199265092878,0.5531506421116017,-0.07784504052120926,3554,553,2168,41,1068.0,1048.0,14.8421,239.4539856219807,15.559932470455824,-2.1519390483812124
209031211,23.468396168263954,0.7490598530212406,-0.334667972777636,4204,592,1809,42,1039.0,1002.0,319.504,13.157894736842104,14.081826831588964,-10.134742145210136
209031212,29.833072929896485,0.5797667611106234,-0.11027309844500033,5091,1029,2254,48,1086.0,1076.0,292.1978,17.423129126913345,20.2121390689452,-3.770065383577606
209031213,32.76855678404437,0.5024080708375692,-0.05867861797739023,9454,1639,2554,43,1097.0,1090.0,29.117,324.69004361713087,17.336577110217895,-0.8345815294297196
209031214,31.286856689792398,0.5537459053254594,-0.08381218804376399,6935,1084,2831,43,1107.0,1116.0,49.7946,139.2721299096689,15.630857966834895,-2.316281623681693
209031215,32.683470904298424,0.5090589893446852,-0.05883818219864871,14417,1971,2496,39,1084.0,1069.0,26.8245,537.4564297563794,13.671360199764168,-0.9196674091756663
209041216,34.41405841845974,0.40109750855459503,-0.03668195619705372,7350,1012,1833,37,1027.0,1033.0,4.715,1558.8547189819724,13.768707482993198,0.810920104985648
209041217,34.858701468478294,0.38924139436095223,-0.05255367657876958,6186,1423,1423,40,983.0,982.0,2.5601,2416.311862817859,23.003556417717427,1.2555631550042037
209041220,35.144455766394856,0.37560477797494984,-0.03355608522809861,17470,2730,1798,40,1011.0,993.0,8.1362,2147.194021779209,15.62678878076703,1.5413174529207652
209041221,35.08599516303572,0.3969905256538534,-0.055514083246649526,11240,1847,1647,39,989.0,974.0,4.9298,2280.0113594872,16.43238434163701,1.482856849561628
209041223,35.459503112783196,0.2864677986684904,0.01445865700996066,19998,4372,1225,39,885.0,900.0,14.6852,1361.7792062757062,21.86218621862186,1.8563647993091053
209041224,28.557986216050665,0.5879102425544656,-0.14473962601919124,22627,2087,2002,33,1017.0,986.0,507.7457,44.56364672315295,9.223494055774076,-5.045152097423426
209041225,30.84137928896871,0.518592504787671,-0.06683295344826744,10661,1795,1855,37,1031.0,999.0,297.9798,35.77759297777903,16.837069693274554,-2.7617590245053805
209041431,35.20328860644244,0.36312650866871216,-0.00490244859967904,13144,1998,1675,37,961.0,945.0,7.7691,1691.830456552239,15.200852099817409,1.600150292968351
209041432,35.50488893234321,0.3318152690672584,0.02712997091079104,8204,1442,1443,38,927.0,920.0,15.8714,516.9046208904067,17.576791808873722,1.9017506188691229
209041433,35.34702663698843,0.34135431801652827,-0.01155333743281171,12143,752,1848,32,991.0,988.0,7.3573,1650.4696016201594,6.192868319196244,1.7438883235143408
209041435,34.69214673801922,0.4163203620364773,-0.00140415995829319,12595,889,2242,35,1051.0,1032.0,13.7094,918.7127080689162,7.058356490670901,1.0890084245451277
209041436,34.55060938662763,0.3885181944165715,-0.03748958400235622,12392,1814,1899,37,1021.0,997.0,7.7445,1600.1032991155012,14.638476436410588,0.9474710731535367
209041437,35.237299571454294,0.34482976756347294,0.054588314633313206,24407,1155,1979,30,1002.0,1002.0,53.892,452.8872559934684,4.732248944974803,1.6341612579802032
209041527,35.109500183342746,0.4054373741159985,-0.02995997214393431,16299,1482,2173,34,1051.0,1027.0,9.4393,1726.7170235080991,9.092582367016382,1.5063618698686554
209041528,35.00015808747095,0.3854355619672932,-0.027205891372134177,10471,700,2120,32,1045.0,1022.0,5.0223,2084.901340023495,6.685130360042021,1.3970197739968597
209041529,35.41789667388903,0.346272505861965,-0.021118086775548512,9947,2019,1224,38,884.0,896.0,3.3232,2993.199325950891,20.2975771589424,1.8147583604149418
209041530,35.17615804415077,0.31179522548497884,0.005386263864368779,13513,2309,1450,37,919.0,935.0,8.7363,1546.764648649886,17.087249315473986,1.5730197306766769
209041531,35.094533985370965,0.39869403084530114,0.021642248508130187,11427,1145,1897,34,1019.0,1003.0,15.1961,751.9692552694441,10.02012776756804,1.4913956718968748
209041532,35.047499783590794,0.3841313857263127,-0.0008908575246533504,11940,632,2109,32,1034.0,1016.0,8.6268,1384.058978995688,5.293132328308207,1.4443614701167036
210011226,35.117723258727366,0.28887925483527527,-0.01374834386988182,8173,1597,1761,39,1026.0,1018.0,3.7194,2197.3974296929614,19.539948611281048,1.5145849452532758
210011227,36.257078988963315,0.27040133484051365,0.02424304488204447,13,0,0,45,,,3.3549,3.874929208024084,0.0,2.653940675489224
210011228,34.704007695228746,0.3517338692320974,-0.02284729560384302,8548,2104,1820,45,1052.0,1035.0,17.512,488.1224303334856,24.61394478240524,1.1008693817546558
210011230,33.61957580671297,0.37499496030542423,-0.04941306992211149,7460,1164,2239,40,1067.0,1073.0,2.8027,2661.7190566239697,15.603217158176944,0.01643749323888244
210011231,34.25108143075603,0.397475410652654,-0.05608519159377059,10031,1663,2440,41,1089.0,1100.0,4.1444,2420.3744812276805,16.578606320406738,0.6479431172819403
210011533,33.890759933451534,0.38887739853088965,-0.04045061105775796,12388,3311,1587,45,1008.0,1012.0,5.4087,2290.384010945329,26.72747820471424,0.2876216199774433
210011534,34.69623294212713,0.3528039877404863,-0.03586836887239682,15073,3445,1913,43,1036.0,1031.0,5.4828,2749.1427737652293,22.85543687388045,1.0930946286530414
210021232,28.3192341338353,0.5798679154703149,-0.13556622159477108,14222,2322,2311,40,1079.0,1068.0,211.057,67.38464016829577,16.3268176065251,-5.283904179638789
210021235,31.91138070204652,0.4649119944526675,-0.007620909423074171,10765,1800,2004,41,1047.0,1016.0,624.7097,17.23200392118131,16.720854621458432,-1.691757611427569
210031236,34.26040779095172,0.3294954208501554,-0.029786874501313464,8425,1234,1980,38,1017.0,1041.0,4.8779,1727.177678919207,14.646884272997031,0.6572694774776267
210031237,34.738143365156006,0.3555262228505624,-0.032987878098255,14002,2189,1436,35,936.0,952.0,5.0848,2753.6972938955314,15.63348093129553,1.1350050516819152
210031439,34.89957347809501,0.3737881796749842,-0.04676148562296706,3111,503,2162,40,1069.0,1061.0,1.5225,2043.3497536945813,16.168434586949534,1.2964351646209167
210031440,34.169780431267235,0.3781572589522396,-0.061312518845089384,6241,1089,1538,36,970.0,976.0,3.0502,2046.0953380106223,17.449126742509215,0.566642117793144
210031535,34.00567015620563,0.39228683016017346,-0.05887257127488525,14783,2155,1526,34,945.0,961.0,6.2473,2366.3022425687896,14.577555300006765,0.4025318427315412
210031536,33.8534878497167,0.3762763155138718,-0.05251936788291998,8857,1188,1869,33,996.0,1004.0,2.6109,3392.316825615688,13.41311956644462,0.25034953624260936
210031537,33.58889927230447,0.39917982981365785,-0.06607881982251759,7898,981,2204,36,1064.0,1071.0,2.3533,3356.138188926189,12.420866042035955,-0.014239041169624045
210031538,34.12994227333551,0.3616454639622835,-0.03530970994380503,17214,2372,2003,36,1041.0,1048.0,4.631,3717.1237313755128,13.779481817125596,0.526803959861418
210041240,34.749340053801646,0.3918550933421548,0.05271576590404252,13671,1968,2106,39,1041.0,1013.0,129.5487,105.52788256462628,14.395435593592277,1.1462017403275553
210041539,35.222041019482745,0.3590260921367771,0.07683599071273983,5237,422,2009,32,1037.0,1004.0,51.8922,100.92075494968417,8.05804850105022,1.6189027060086545
210041540,34.28700342312065,0.37843495401752314,0.0236666178106828,14985,2621,1727,38,1014.0,990.0,41.4496,361.5233922643403,17.490824157490824,0.6838651096465611
210041541,34.34770232163276,0.42500266780858353,0.0264598230013205,11166,1481,1987,36,1036.0,997.0,37.7941,295.4429395064309,13.263478416621888,0.7445640081586689
210051242,34.657756121404255,0.32732060166866106,-0.028674458942988,13859,1641,1172,33,789.0,840.0,8.8268,1570.1046811981691,11.840681145825815,1.054617807930164
210051243,35.960310427496516,0.24203343090817184,0.025771458643392718,16057,2511,1104,34,791.0,836.0,18.1867,882.8979419025992,15.63803948433705,2.3571721140224255
210051245,34.464257766125264,0.3952265520513175,-0.02811457675310832,18024,3619,1600,41,979.0,965.0,13.936,1293.340987370838,20.07878384376387,0.8611194526511738
210051246,34.521512821760226,0.392941716670704,0.027523722562319507,22095,2427,2250,35,1033.0,1032.0,95.906,230.3818322107063,10.984385607603532,0.918374508286135
210051247,34.482438261046795,0.36711694477604395,-0.04266592665437645,14890,1744,1274,34,800.0,845.0,4.6252,3219.320245611,11.712558764271323,0.8792999475727044
210051248,34.96978309179742,0.347365900216844,0.013527932655177249,126,22,1437,38,1064.0,1053.0,30.3848,4.146810247228878,17.46031746031746,1.3666447783233266
210051250,35.129837251360286,0.28445237069264684,0.0007799640877902411,6576,1321,1404,40,969.0,952.0,3.8595,1703.8476486591526,20.088199513382,1.526698937886195
210051441,34.75427084112816,0.347897432303388,-0.01235772468073317,8099,898,1523,34,925.0,909.0,3.9685,2040.8214690689176,11.087788615878504,1.1511325276540703
210051442,34.8968180573252,0.3788973224161466,0.030350656449725722,12309,743,1958,32,968.0,972.0,13.3514,921.9257905537996,6.036233650174669,1.2936797438511078
210051443,34.52867808570568,0.35555910157002285,-0.015078901607608131,21673,1479,1835,32,946.0,955.0,11.9142,1819.0898255862755,6.824159091957735,0.9255397722315877
210051445,34.952090413178794,0.37015129213996645,0.06780119367956093,23374,828,1982,30,1001.0,997.0,70.8359,329.97392565069407,3.542397535723454,1.3489520997047038
210051542,36.06544592587039,0.2775581138951294,0.00740791318396197,9842,343,1876,30,965.0,977.0,1.9198,5126.575684967184,3.4850640113798006,2.4623076123963017
210051543,35.47974334640666,0.3107618594309669,0.005650337794454071,12999,960,1752,31,934.0,954.0,4.089,3179.0168745414526,7.385183475651972,1.8766050329325665
210051544,35.97872209617654,0.26602376564904684,0.02292702654199798,9479,872,1642,34,895.0,920.0,8.8762,1067.9119443004888,9.199282624749443,2.3755837827024493
210051545,35.782892058047864,0.31530279091925106,-0.027190060298699907,14658,1124,1619,30,854.0,899.0,3.4138,4293.7489015173705,7.668167553554372,2.179753744573773
211011251,34.20976389464066,0.36028087484561977,-0.05312660303778961,12589,2224,1610,38,1004.0,987.0,8.0437,1565.0757735867824,17.666216538247674,0.6066255811665684
211011254,33.14679616889008,0.4148417512568236,-0.08672509522766345,16601,2696,1953,39,1052.0,1042.0,15.2651,1087.5133474395843,16.239985543039577,-0.45634214458401345
211011255,29.81419382422347,0.6027049287608761,-0.16792432286285713,6594,787,2756,41,1097.0,1088.0,18.494,356.54806964420897,11.935092508340915,-3.788944489250621
211011256,33.67210205720586,0.4418975741893794,-0.09988883933087682,15418,2504,2083,41,1054.0,1041.0,8.2003,1880.175115544553,16.240757556103254,0.06896374373177139
211011257,33.87768094335462,0.437645930939773,-0.09935478717657605,7905,1166,2285,41,1081.0,1073.0,4.1688,1896.229130685089,14.750158127767236,0.27454262988052847
211011258,32.38115402743618,0.48687181678399805,-0.10841878114154817,10375,1622,2363,42,1075.0,1065.0,9.3532,1109.2460334430998,15.633734939759035,-1.2219842860379089
211011259,32.86973310965948,0.47695163445152905,-0.1241473292927496,14341,3053,1883,41,1045.0,1044.0,8.3064,1726.500048155639,21.28861306742905,-0.7334052038146126
211011260,32.607361708636496,0.4724919963938465,-0.1110713133760272,17942,4144,1821,44,1046.0,1048.0,13.3559,1343.376335552078,23.09664474417568,-0.9957766048375944
211011446,32.210044675295606,0.47890094822214324,-0.1330739867238071,23560,4415,1609,39,1015.0,992.0,11.2631,2091.7864531079367,18.739388794567063,-1.3930936381784846
211011447,32.137244002156926,0.489578300261175,-0.13589113885164528,14145,2752,1606,41,1014.0,994.0,6.9851,2025.024695423115,19.45563803464121,-1.4658943113171645
211011448,32.3088274102877,0.4913640663187294,-0.1349269062987779,15334,2460,1960,39,1043.0,1016.0,9.1499,1675.865310003388,16.0427807486631,-1.2943109031863926
211011449,27.359796493724275,0.6589866482524686,-0.2659724885881118,4345,630,2049,39,1056.0,1025.0,5.7163,760.1070622605531,14.499424626006904,-6.243341819749816
211021261,30.108604538774465,0.5802006760892715,-0.17538406599702086,16275,3477,2284,45,1083.0,1098.0,20.8028,782.346607187494,21.36405529953917,-3.494533774699626
211021262,29.834868307625623,0.5927911167231541,-0.13864408480158297,10112,1892,2779,46,1100.0,1106.0,45.7591,220.9833672427998,18.710443037974684,-3.7682700058484677
211031263,32.798242146551836,0.4420116261023555,-0.10355116147710804,11871,1776,1800,39,1029.0,1001.0,9.909,1198.0018165304268,14.960828910791,-0.804896166922255
211031265,31.63558747373449,0.527715023557907,-0.15651114566447072,18059,2743,2377,41,1085.0,1075.0,9.492,1902.5495153813736,15.189102386621627,-1.9675508397396015
211031266,33.24422172453687,0.42328341176903345,-0.09309955283345184,18715,3192,1660,38,1014.0,1022.0,9.9105,1888.4011906563744,17.055837563451774,-0.35891658893721967
211031267,31.797163479033316,0.49976097490072585,-0.13718101891002732,21132,3592,1945,39,1048.0,1048.0,9.3929,2249.784411630061,16.997917849706607,-1.8059748344407751
211031268,31.824602294519526,0.5190915017745258,-0.1537510429386677,9654,1895,2330,43,1085.0,1085.0,4.7307,2040.712790918892,19.62916925626683,-1.778536018954565
211031450,32.82968998488383,0.4913103215544704,-0.12808799931485895,16109,2936,1566,38,1004.0,991.0,8.0982,1989.207478205033,18.225836488919235,-0.7734483285902627
211031451,32.48402352877475,0.4975165669470579,-0.13313052654501228,14139,3199,1695,41,1032.0,1025.0,6.7979,2079.9070301122406,22.625362472593537,-1.1191147846993417
211031452,33.05695661830111,0.43622037164119243,-0.09354116606009212,4898,799,1888,38,1040.0,1026.0,2.856,1714.9859943977592,16.312780726827274,-0.546181695172983
211041269,32.66541721435759,0.43386255423406117,-0.0974409085320371,10780,2361,1658,42,1021.0,1036.0,4.0702,2648.5185003193947,21.901669758812616,-0.9377210991165015
211041270,32.697564265061,0.4451981763515499,-0.09852229530962112,16795,2719,2030,39,1062.0,1075.0,6.6271,2534.291017187005,16.189342066091097,-0.9055740484130936
211041271,33.38254352264443,0.38887728170842717,-0.07114313821968042,12413,2236,1938,39,1041.0,1059.0,5.0785,2444.225657182239,18.013373076613227,-0.22059479082965794
211041272,32.29676016070002,0.463785948003164,-0.11329221458240582,10993,2026,2042,40,1063.0,1071.0,4.6098,2384.7021562757604,18.4299099426908,-1.306378152774073
211041273,32.410142347624756,0.48402969649846456,-0.1312222985080969,11954,3211,1944,46,1060.0,1073.0,6.184,1933.0530401034928,26.86130165634934,-1.1929959658493345
211051274,27.19761601337541,0.6677687389391125,-0.24584906918145183,10005,1478,2253,40,1072.0,1057.0,55.652,179.77790555595485,14.772613693153424,-6.405522300098681
211051275,33.42211243555415,0.4969104475279479,-0.05928133568646203,11779,2030,2084,38,1060.0,1037.0,22.2024,530.5282311822145,17.234060616351133,-0.18102587791994296
211051276,26.151644297900003,0.6978061775455769,-0.27840750345026766,14065,3177,1594,45,1027.0,993.0,369.5236,38.06252158184213,22.587984358336296,-7.451494015574088
211051277,32.50226810529813,0.48115797017047124,-0.11645725154094425,9916,1963,1654,38,1010.0,985.0,8.2426,1203.0184650474366,19.79628882613957,-1.1008702081759623
211051278,32.14600991647779,0.5349836609113364,-0.08350965268112484,19599,3573,1784,40,1035.0,1006.0,109.3817,179.17988109528378,18.2305219654064,-1.4571283969963034
211051279,29.234920642948644,0.6444760637006844,-0.214704717191558,5816,1054,1872,43,1051.0,1024.0,68.5553,84.83662094688522,18.12242090784044,-4.368217670525446
211051280,28.172287701576032,0.6183943828503773,-0.2346288359142255,6943,1346,2094,41,1068.0,1034.0,10.5431,658.5349659967181,19.38643237793461,-5.430850611898059
211051281,32.46162868149278,0.5202818499181971,-0.1475237467355531,23146,3572,1992,37,1031.0,1009.0,12.5434,1845.2732114099845,15.43247213341398,-1.1415096319813074
211051282,23.53731896743702,0.7474924761927506,-0.3781903844359616,9706,1934,2102,45,1079.0,1075.0,81.8993,118.51139142825396,19.92581908098084,-10.06581934603707
211051283,28.54777051989914,0.6349178498566795,-0.22783423380179785,9799,1463,2045,38,1051.0,1014.0,16.9894,576.771398636797,14.930094907643635,-5.055367793574952
211051284,26.36961226044381,0.6837855337783484,-0.2978799074714237,9777,1422,2148,41,1071.0,1050.0,8.8907,1099.6884384806594,14.544338754219083,-7.233526053030282
211051285,30.52470773663951,0.5979419424803687,-0.1509086921414264,7902,1211,2066,39,1060.0,1019.0,111.7555,70.70792936365548,15.325234117944824,-3.078430576834581
211051286,23.078381944951914,0.7728113997506632,-0.39427948794883705,16799,3198,1439,43,995.0,955.0,729.7582,23.01995373261993,19.03684743139473,-10.524756368522176
212011289,25.517959154496378,0.7044060463812902,-0.30540367397755785,18633,2899,2176,41,1066.0,1034.0,371.6241,50.13937470686105,15.55841786078463,-8.085179158977713
212011546,30.935448277347565,0.5695957890217199,-0.16094683929453976,23632,2068,2146,33,1056.0,1036.0,33.2503,710.7304294998842,8.750846310088017,-2.667690036126526
212011547,30.638124984484552,0.5929039760065302,-0.1314513818841638,9868,1702,1897,40,1046.0,1003.0,365.9627,26.96449665498697,17.247669233887315,-2.9650133289895386
212011548,32.653781079153156,0.5280067193656324,-0.057260162616195265,10069,1615,1823,35,1020.0,975.0,414.663,24.28236905631802,16.039328632436188,-0.9493572343209351
212011549,32.23883359333024,0.5493062152832515,-0.1218794740209391,15441,1770,1651,32,979.0,949.0,18.929,815.7324739817212,11.462988148435985,-1.3643047201438492
212011550,31.205830253505503,0.5716161805295547,-0.14087264872707822,7479,697,1887,32,1025.0,999.0,24.6776,303.0683696955944,9.319427730980076,-2.397308059968587
212011551,32.33244482889189,0.49606702534665087,-0.06441065451401823,6439,1206,1235,35,948.0,924.0,30.9414,208.1030593315105,18.72961640006212,-1.2706934845822033
212011552,33.939910157538606,0.4433117080828274,-0.04842496750451689,26783,2906,1803,33,990.0,968.0,22.2782,1202.206641470137,10.850166150169883,0.3367718440645149
212021293,32.54400328281432,0.5332087475566961,-0.1440398296348484,22963,4911,1885,43,1057.0,1042.0,19.748,1162.8012963338058,21.3865784087445,-1.0591350306597676
212021295,33.84418159977284,0.4222162035368888,-0.08974587734848673,11889,1611,1262,34,832.0,859.0,5.1935,2289.2076634254354,13.550340651021951,0.24104328629874772
212021297,34.851587401176296,0.33177131252201486,-0.029128356523975517,11472,1865,1496,36,917.0,925.0,8.0565,1423.943399739341,16.25697350069735,1.2484490877022054
212021299,30.882634528077865,0.5858648942686229,-0.1583765275200233,8241,1450,2659,43,1068.0,1066.0,34.4086,239.50407746900484,17.594952068923675,-2.7205037853962253
212021453,30.776730143497957,0.5713648684996893,-0.14588535496999763,12086,1977,1823,39,996.0,989.0,14.4746,834.979895817501,16.357769319874237,-2.8264081699761334
212021454,34.17137510922086,0.4255974158622699,-0.09267653805521141,13360,2309,1733,39,998.0,996.0,5.5873,2391.13704293666,17.28293413173653,0.5682367957467704
212021455,34.493712265918674,0.43628916396529205,-0.10047698406098848,13504,1518,1920,36,1010.0,986.0,4.874,2770.6196142798526,11.24111374407583,0.8905739524445835
212021456,34.092849135607025,0.4219931836145399,-0.0785125699178722,14758,1881,1615,35,953.0,945.0,9.3054,1585.960839942399,12.745629489090662,0.4897108221329347
212021553,33.954015200846506,0.4323773122930816,-0.06749966448399182,17760,1534,2361,35,1059.0,1051.0,9.8836,1796.9161034440892,8.637387387387388,0.35087688737241507
212021554,34.088354430834116,0.4143389200470999,-0.09916617537944213,11254,773,2175,34,1044.0,1031.0,4.9713,2263.794178585078,6.868668917718145,0.4852161173600251
212031300,33.71218915256841,0.4274459454772523,-0.07952162114509145,21281,2635,1477,35,920.0,906.0,13.027,1633.6071236662317,12.381936939053617,0.10905083909432278
212031303,32.604930980330195,0.49606933841697193,-0.058834176289107566,17400,1722,2228,32,1054.0,1031.0,81.662,213.07340011265947,9.89655172413793,-0.9982073331438954
212031304,33.85625314683443,0.4106176957071811,-0.03955841406472246,21535,1598,1903,32,989.0,973.0,12.898,1669.6387036749884,7.420478291153936,0.2531148333603426
212031306,34.866163646520036,0.39657293514846725,-0.0755327399011017,18027,1294,2330,33,1021.0,1026.0,7.3583,2449.8865227022548,7.178121706329395,1.2630253330459453
212031308,32.06474826725213,0.5013377404078916,-0.08055164372216354,8024,1266,1895,40,1036.0,988.0,98.5112,81.45266731092505,15.77766699900299,-1.5383900462219628
212031457,33.79198850950285,0.46216674304127325,-0.13249439733440588,13152,1352,2352,36,1030.0,1023.0,6.2204,2114.3334833772747,10.279805352798054,0.18885019602875985
212031458,34.1229286853402,0.4570607510965914,-0.11174375813527986,16713,1379,2011,33,968.0,965.0,6.7771,2466.099068923286,8.251062047507927,0.5197903718661081
212031555,33.4345866816267,0.3974888825110087,-0.029048325381195884,10535,690,2288,32,1066.0,1067.0,6.8833,1530.5158862754784,6.549596582819175,-0.16855163184739297
212031556,33.567882625310844,0.41276787571327633,-0.0005901808838626413,14802,413,2193,29,1046.0,1042.0,19.6543,753.1176383793877,2.790163491420078,-0.035255688163246646
212031557,34.58164224581013,0.4225570936692261,-0.061332978522954204,23415,1996,1931,31,1001.0,984.0,11.0254,2123.732472291255,8.524450138799915,0.9785039323360394
212031558,35.418411597188324,0.3975238661817411,-0.038869720800316164,12289,1051,1958,30,1019.0,1004.0,5.3272,2306.8403664213843,8.552363902677191,1.8152732837142338
212031559,34.18634480504383,0.3842161058094209,-0.0518303921085671,12772,603,2184,30,1013.0,1012.0,5.4545,2341.552846273719,4.721265267773254,0.5832064915697401
212031560,33.71246101543174,0.4448089438534657,-0.1063102133150943,11910,1101,1686,34,946.0,931.0,4.7849,2489.080231561788,9.244332493702773,0.1093227019576517
212031561,33.55735510564942,0.42197346881936965,-0.07780798453365687,12715,1143,1623,32,917.0,917.0,8.2189,1547.0440083222816,8.989382618953991,-0.0457832078246696
212031562,34.26068624515598,0.417352360998652,-0.0805017929693677,13368,1526,1462,34,893.0,898.0,5.1234,2609.204824920951,11.415320167564332,0.65754793168189
212041309,34.8973333052905,0.3706678887502185,-0.039399249636184644,11554,2837,1659,44,990.0,995.0,6.3227,1827.383870814684,24.554266920547,1.2941949918164113
212041310,35.09174109439033,0.33361739182781386,-0.02555776148016428,13381,2077,1630,34,954.0,979.0,7.938,1685.6890904509953,15.522008818473957,1.4886027809162385
212041312,34.24022307479027,0.42377955695944375,-0.07691693266620202,22526,4148,1436,38,926.0,934.0,9.459,2381.4356697325297,18.41427683565657,0.6370847613161814
212041313,33.9699993055505,0.4504329870630257,-0.09381044340328108,10499,2321,1981,45,1066.0,1048.0,7.2437,1449.3974074022944,22.10686732069721,0.3668609920764112
212041316,34.70159379572535,0.3437916291608586,-0.044958238771321116,7456,1458,1453,40,936.0,936.0,3.7574,1984.3508809283012,19.55472103004292,1.0984554822512607
212041317,33.86650051859266,0.36278407504094257,-0.06075642426382398,22248,3642,1401,36,845.0,900.0,11.1052,2003.385801246263,16.370010787486518,0.2633622051185682
212041318,34.44641627888283,0.379972471521408,-0.05976540040917868,12621,2057,1505,38,831.0,878.0,4.56,2767.763157894737,16.298233103557564,0.8432779654087383
212041459,34.079048001268994,0.3873429242886478,-0.07220248018309425,12739,1773,1359,35,904.0,921.0,3.7671,3381.646359268402,13.91788994426564,0.4759096877949034
212041460,34.44234326276972,0.3585612422782177,-0.057805503864642414,19591,3186,1399,36,853.0,888.0,4.7946,4086.0551453718767,16.26256954724108,0.8392049492956275
212041563,34.44258573165833,0.35670669045744113,-0.05015034360206465,21487,3110,1208,35,828.0,872.0,8.041,2672.180077104837,14.473867920137758,0.8394474181842426
212041564,33.91532287492909,0.30814427324690646,-0.004052145508425279,9350,1197,1288,32,818.0,864.0,53.7832,173.84610807835904,12.802139037433156,0.3121845614549983
212041565,34.86273838005639,0.33209546086865316,-0.04226899527366283,15096,3113,1525,40,914.0,924.0,6.6053,2285.437451743297,20.621356650768416,1.2596000665823013
212041566,33.42779549175264,0.44901851543680554,-0.043126174194425895,15093,1164,2493,34,1039.0,1074.0,23.6738,637.5402343518996,7.712184456370502,-0.17534282172145055
212051319,32.919425489459734,0.42965145724895876,-0.08948268239170779,19507,2981,2011,36,1033.0,1067.0,6.7088,2907.6735034581443,15.281693750961193,-0.6837128240143571
212051321,33.18090353491469,0.46371536856246526,-0.10689146599329158,21603,4644,1949,42,1055.0,1084.0,9.1645,2357.2480768181567,21.49701430356895,-0.4222347785593996
212051322,33.314506182287815,0.41812929304183905,-0.0854261411594409,21036,3789,1890,39,1039.0,1074.0,7.6758,2740.561244430548,18.011979463776385,-0.28863213118627584
212051323,32.26877281309281,0.461070052310076,-0.10191206320101291,16073,2948,2049,40,1065.0,1091.0,6.484,2478.871067242443,18.341317737821196,-1.3343655003812813
212051324,32.87189786315967,0.40902072878464324,-0.0789136903654449,19265,3627,2079,40,1068.0,1092.0,8.7006,2214.215111601499,18.82688813911238,-0.7312404503144236
212051325,34.31317056203194,0.36332026542269613,-0.054850680562207065,19889,3904,1913,40,1038.0,1043.0,10.7189,1855.5075614102195,19.628940620443466,0.7100322485578516
212051326,33.238894512690976,0.3847415299936754,-0.05325434425870033,22928,3492,1956,37,1038.0,1056.0,10.1702,2254.4296080706376,15.230286113049546,-0.3642438007831146
212051327,32.96222865958614,0.4707827151266911,-0.11343043358497307,20652,6067,1818,48,1066.0,1080.0,10.4394,1978.2746134835336,29.377300019368587,-0.6409096538879524
212051567,34.324732314623446,0.30398343835065833,-0.03169648055757623,9829,799,1278,26,981.0,1029.0,5.2293,1879.6014762970185,8.129006002645234,0.7215940011493558
212051568,34.673896690795914,0.2959274267441431,-0.0134850181359974,12052,1386,1711,30,983.0,1013.0,4.1819,2881.94361414668,11.500165947560571,1.0707583773218232
213011328,34.933906927690664,0.3502758346442788,-0.03680967197196404,7502,1170,1366,36,903.0,930.0,4.5883,1635.028223960944,15.59584110903759,1.3307686142165736
213011329,35.06148609837516,0.34092974867147974,-0.026226869296663635,10038,1031,2062,36,951.0,968.0,4.4061,2278.2052154966977,10.270970312811317,1.458347784901072
213011331,36.05640413255193,0.3142970905715401,0.017715810587417953,8077,1255,1486,39,899.0,902.0,3.5055,2304.093567251462,15.537947257645165,2.453265819077842
213011332,34.822751402658795,0.36149346993925585,-0.03143008899608386,13082,2747,1553,42,965.0,959.0,7.6597,1707.899787197932,20.998318299954136,1.2196130891847048
213011333,34.961863369366654,0.32777987968910394,-0.02132070199583948,13983,2457,1246,38,827.0,854.0,4.4323,3154.795478645399,17.571336623042267,1.3587250558925632
213011334,34.42456821046442,0.3300638486845154,-0.02081553938059607,20581,3449,1183,36,825.0,863.0,6.5225,3155.3852050594096,16.758175015791263,0.8214298969903311
213011335,34.98977468637009,0.32165571493288475,-0.007602001708277679,17454,3319,1232,38,821.0,869.0,6.2647,2786.0871230865005,19.01569840724189,1.3866363728959996
213011336,34.62905325076737,0.3086874458467571,-0.01829315587886172,9445,1250,1566,35,931.0,957.0,4.732,1995.984784446323,13.234515616728428,1.0259149372932796
213011337,35.24506309381137,0.2856938151121954,0.00115645659113587,12047,1978,1399,37,865.0,904.0,8.0239,1501.3895985742597,16.41902548352287,1.641924780337277
213011338,35.39217269862951,0.26756404096468833,0.0018182969711014,18558,3380,1416,38,884.0,906.0,12.9688,1430.9727962494603,18.213169522577864,1.7890343851554178
213011339,36.257737134048064,0.3082384091776763,-0.02179820220934058,11726,1595,1820,37,983.0,968.0,3.9479,2970.186681526888,13.602251407129456,2.6545988205739732
213011340,35.66683077256707,0.3630575662934342,0.0010310821803650005,16910,2904,2167,45,1042.0,1026.0,18.4632,915.8759045019282,17.173270254287402,2.0636924590929766
213011569,35.577445718648434,0.34100866279965414,-0.02900440539568862,18004,2588,1459,35,899.0,912.0,8.0769,2229.073035446768,14.374583425905357,1.9743074051743434
213011570,35.24535166347136,0.24396769090648904,0.03401884158032552,8653,436,2271,32,987.0,995.0,13.2579,652.6674661899698,5.038714896567664,1.6422133499972702
213021341,33.09342028639584,0.32665535192011863,-0.058116910685883684,13556,2655,1861,42,1040.0,1048.0,17.6826,766.6293418388698,19.585423428740043,-0.5097180270782502
213021342,33.34213488161446,0.34156638813633927,-0.081444234012924,18479,3324,1573,41,983.0,967.0,10.5419,1752.909817015908,17.987986362898425,-0.2610034318596277
213021343,35.16498548016942,0.2519866217680559,-0.0050228020309870695,14931,2752,1740,37,968.0,993.0,16.1844,922.5550530140137,18.431451342843747,1.5618471666953297
213021344,33.5283808993453,0.2748627107881866,-0.03552316536050984,18753,2097,2555,38,1075.0,1103.0,8.8407,2121.212121212121,11.182210846264596,-0.07475741412878989
213021345,35.14837218381362,0.356660499153892,-0.06781366924855944,4952,563,2042,37,1024.0,1006.0,1.6199,3056.978825853448,11.369143780290791,1.5452338703395299
213021346,33.039323995028404,0.3000946276702251,-0.0402183126450926,15912,2905,2382,45,1067.0,1101.0,7.3463,2165.988320651212,18.256661639014578,-0.5638143184456865
213031347,34.362759923429586,0.31883662654137795,-0.02601762483519074,19068,2249,1686,34,925.0,965.0,7.4843,2547.7332549470225,11.794629746171596,0.7596216099554951
213031348,34.546349608879055,0.26469122406150214,-0.01402443550003388,17131,1878,1763,34,987.0,1030.0,4.9671,3448.893720682088,10.96258245286323,0.9432112954049643
213031349,34.08661476983303,0.35292125295520893,-0.043230110869445296,12573,1432,2020,36,1045.0,1063.0,5.4934,2288.7464957949537,11.389485405233437,0.483476456358936
213031350,33.9236497886382,0.2774213601562668,0.01245677710037387,9247,886,2364,37,1060.0,1103.0,1.6803,5503.183955246087,9.581485887314804,0.3205114751641105
213031351,35.665044020308535,0.231080848587012,0.02087552136559345,11735,1169,1988,35,1016.0,1046.0,5.9807,1962.1448994264888,9.96165317426502,2.0619057068344446
213031352,34.13804040276395,0.2878052628991781,-0.01345849107444715,15463,1656,2483,37,1077.0,1109.0,5.62,2751.423487544484,10.709435426501972,0.5349020892898579
213041353,33.448499626228184,0.439017437844202,-0.021072589071932234,24717,3989,1807,37,1011.0,983.0,196.2983,125.9155071643514,16.138689970465673,-0.15463868724590668
213041358,36.412951499471504,0.3350831231213628,0.036728519288712805,21208,2101,1621,33,940.0,920.0,24.2021,876.2875948781303,9.906639004149378,2.809813185997413
213041359,35.65836576122615,0.33495561698974113,0.07881905753931336,17553,664,2123,31,1035.0,1029.0,125.7609,139.57438281691685,3.782829146014926,2.05522744775206
213041360,36.402634964908884,0.30876612211848364,-0.03530681886010835,19539,1519,2315,34,1034.0,1023.0,5.9679,3274.0159855225456,7.774195199344899,2.7994966514347936
213041461,36.443953000484086,0.3180716851941615,-0.00060563158694392,5800,919,1871,37,982.0,982.0,2.552,2272.7272727272725,15.844827586206897,2.8408146870099955
213041462,36.3288870842635,0.324100745225597,-0.034310468387140955,6377,356,2246,33,1006.0,1007.0,1.9954,3195.8504560489123,5.582562333385605,2.7257487707894086
213041463,35.56976317763942,0.33319754450802197,-0.043586794044846465,20365,1814,2133,35,1014.0,1011.0,6.9526,2929.120041423352,8.907439233979868,1.9666248641653326
213041571,36.000412056692944,0.3211702978226808,0.01820622895599328,9829,1151,1627,33,952.0,937.0,10.6929,919.2080726463354,11.710245192796826,2.397273743218854
213041572,36.35614618715002,0.3370895069193482,0.06895320278498193,7598,193,2056,29,1007.0,1001.0,19.7593,384.5277919764365,2.5401421426691235,2.7530078736759265
213041573,37.61514463558693,0.3417740342775927,0.11609716457710455,2990,238,2562,35,1090.0,1056.0,69.4885,43.02870259107622,7.959866220735785,4.012006322112839
213041574,35.58532722885464,0.32075504563489665,0.07576809697411603,10098,463,2254,31,1047.0,1035.0,58.7312,171.93587054240336,4.585066349772232,1.9821889153805472
213041575,35.365474233024614,0.3473735950979674,-0.02490389110688175,16182,1536,2212,36,1035.0,1013.0,7.8166,2070.209554026047,9.492028179458655,1.762335919550523
213041576,34.411346867506396,0.4209562775830865,0.03137837730936044,11632,1404,1556,35,947.0,921.0,120.8438,96.25648978267812,12.070151306740028,0.808208554032305
213041577,35.34531006170693,0.3394743938225252,0.0041473433180414295,7886,1594,1061,39,849.0,843.0,9.8614,799.6836149025494,20.213035759573927,1.7421717482328418
213041578,35.82265755576738,0.28562481592907474,0.02307511114294344,16658,1831,1363,32,877.0,881.0,11.0206,1511.5329473894344,10.991715692159923,2.2195192422932877
213051361,36.17994104587169,0.3148133571290854,-0.023992062683866548,18446,2295,1705,37,970.0,955.0,10.9136,1690.184723647559,12.441721782500272,2.576802732397603
213051362,35.40593706412314,0.33053676920377495,-0.03895848032402538,18772,2932,1470,37,944.0,936.0,7.0114,2677.354023447528,15.619007031749414,1.8027987506490462
213051363,36.37563990687244,0.22998418745569102,0.019047595882195928,11459,699,2091,32,993.0,1015.0,22.2451,515.1246791428224,6.1000087267649885,2.772501593398353
213051368,30.868868425907145,0.39874938838423024,-0.11578430891624898,16810,2593,1802,37,1005.0,1001.0,114.0332,147.41320948636013,15.425342058298632,-2.7342698875669456
213051464,33.44428813537927,0.3388017961011373,-0.0675888139368931,19274,1129,2381,33,1051.0,1072.0,19.0354,1012.5345409079926,5.85763204316696,-0.1588501780948235
213051466,35.6306949786564,0.3274510323268348,0.008827797623287708,19091,803,2522,33,1072.0,1087.0,9.4219,2026.236746303824,4.206170446807396,2.02755666518231
213051467,34.16635706427776,0.36248197702799606,-0.058310897106616875,19010,2895,1374,36,895.0,897.0,7.7569,2450.721293300159,15.228826933193057,0.5632187508036708
213051468,35.93988700791026,0.3370530901078169,0.0879533214630506,22341,1794,1995,32,1007.0,992.0,127.6631,174.99966709252712,8.030079226534175,2.3367486944361673
213051579,37.657654928853354,0.3399141327608641,0.12417965031010998,10616,379,2309,31,1041.0,1037.0,72.0339,147.37505535588105,3.5700828937452904,4.0545166153792636
213051580,35.65973973273664,0.3386280678896859,-0.06058553009174382,14167,1305,2185,36,1040.0,1033.0,5.5527,2551.37140490212,9.211547963577328,2.056601419262549
213051581,36.54774062981978,0.3235374433851483,-0.04899375032559593,9565,597,2439,34,1054.0,1057.0,2.938,3255.6160653505785,6.241505488761108,2.944602316345687
213051582,36.28704188971604,0.32328567903794136,0.08363690522620963,10132,212,2086,29,1025.0,1021.0,36.7062,276.0296625638175,2.0923805763916303,2.6839035762419527
213051583,36.681788362075096,0.2847879457679289,-0.02385627617458963,28116,1332,2164,30,1015.0,1011.0,7.9607,3531.850214177145,4.737516005121639,3.0786500486010056
213051584,36.042224721526374,0.3000082565665878,0.08283099108671196,7197,115,2198,29,1032.0,1031.0,14.3452,501.7009173800295,1.597888008892594,2.439086408052283
213051585,35.27897585428879,0.29439626703030325,-0.03491988296985117,11182,730,1885,31,988.0,981.0,3.1301,3572.4098271620715,6.528349132534431,1.6758375408146975
213051586,35.86986166314637,0.23926553188443478,0.07190323428744531,9340,164,2307,30,1040.0,1046.0,17.5191,533.1324097699082,1.7558886509635976,2.266723349672276
213051587,36.608119401196255,0.27940146224620066,0.013498401272724439,9596,282,2337,31,1050.0,1053.0,4.2675,2248.6233157586407,2.938724468528554,3.0049810877221645
213051588,37.47602466085912,0.3081809096934559,-0.028697317984715608,19065,885,1947,30,992.0,995.0,5.3778,3545.129978801741,4.642014162077104,3.872886347385027
213051589,36.696305868312294,0.33365548713979043,0.07565506470086367,9032,371,1862,29,980.0,976.0,51.2497,176.23517796201736,4.107617360496015,3.093167554838203
213051590,35.6034888127951,0.3408134683931566,-0.04018130989645259,13546,1239,1766,33,958.0,947.0,4.9575,2732.425617750883,9.146611545843792,2.0003504993210086
214011370,33.03814596752488,0.42056532485941445,-0.05818212359957191,21976,2961,1658,36,986.0,950.0,20.308,1082.1351191648612,13.473789588642154,-0.5649923459492072
214011371,32.7033713657444,0.4166122225231552,-0.09410641445659515,23586,4129,1383,39,972.0,962.0,11.6244,2029.0079487973571,17.50614771474604,-0.8997669477296881
214011372,31.870627595737698,0.4972068358521001,-0.12858649969682948,19453,3585,1313,38,925.0,909.0,13.2382,1469.45959420465,18.42903408214671,-1.7325107177363925
214011373,30.949462913755532,0.5365004590930049,-0.15914681354128646,18801,4132,2038,44,1069.0,1062.0,14.5603,1291.2508670837826,21.977554385405032,-2.6536753997185585
214011374,30.662316353387432,0.5488508710497537,-0.1435602472693151,24939,3762,1950,38,1040.0,1005.0,37.6199,662.9204224359979,15.084806928906533,-2.9408219600866587
214011375,32.374888477589934,0.4035552423127385,-0.08559358953248723,17215,3083,1500,40,997.0,979.0,12.4321,1384.7218088657587,17.908800464711007,-1.2282498358841565
214011376,33.1655417658683,0.4872685271993378,-0.07348160953709712,13303,1527,2224,38,1049.0,1028.0,19.8152,671.3533045338932,11.478613846500789,-0.4375965476057928
214021377,29.566256172830833,0.5457689335542655,-0.12752927829592853,13366,4108,1398,51,1026.0,998.0,45.0575,296.64317816123844,30.734699985036663,-4.036882140643257
214021378,28.733964527103115,0.6009774801209506,-0.16305098860681982,5995,1956,2197,56,1093.0,1095.0,287.3793,20.86093187644343,32.627189324437026,-4.869173786370975
214021379,30.035115620871387,0.5488545043969827,-0.11544109257713897,23970,5377,1407,42,1006.0,969.0,108.8841,220.14233483125636,22.43220692532332,-3.568022692602703
214021381,30.817828556279885,0.5542899673859489,-0.14975533076059874,18734,4171,2547,45,1104.0,1115.0,23.2077,807.232082455392,22.264332230169742,-2.785309757194206
214021382,30.038700041090163,0.5313644251415358,-0.11791390331156197,19846,4720,2097,46,1079.0,1068.0,30.2094,656.9478374280853,23.783130101783733,-3.564438272383928
214021383,30.718122590135305,0.49904335292921276,-0.09674176467035932,19811,6387,1430,53,1040.0,1016.0,67.1876,294.8609564860182,32.23966483266872,-2.8850157233387854
214021384,30.55698821003146,0.5072664832205005,-0.13491325486777753,22944,7657,1155,52,982.0,948.0,23.7957,964.207819059746,33.37255927475592,-3.0461501034426313
214021385,31.501564138261053,0.5341036661874385,-0.0856866436990467,18522,3524,1781,41,1036.0,999.0,117.354,157.8301549158955,19.02602310765576,-2.101574175213038
214021591,32.39815525795613,0.44124224903824183,-0.056529881289589114,15175,3946,1502,45,1020.0,995.0,14.6884,1033.128182783693,26.003294892915974,-1.204983055517964
214021592,30.99063217238533,0.43679199283637404,-0.08752121039538648,10581,4095,1389,57,1043.0,1036.0,6.4044,1652.1454000374742,38.70144598809186,-2.612506141088762
