SA2_CODE21,LST_slope,LST_p,LST_trend,NDVI_slope,NDVI_p,NDVI_trend,NDBI_slope,NDBI_p,NDBI_trend
206011106,-0.008760967652248208,0.8335157043083457,no trend,0.0034440865223465842,0.00029458014258532117,increasing,-0.0015981259577071876,0.0022170615811702987,decreasing
206011107,-0.0010510723435411152,1.0,no trend,0.0033876507199055925,0.00042093182771774096,increasing,-0.0015052663371330562,0.010906151033361455,decreasing
206011109,-0.005741521130750506,0.9813671252686653,no trend,0.0027763553560720884,0.010906151033361455,increasing,-0.0015326673806806974,0.016147623299816338,decreasing
206011495,-0.04140464695051227,0.498219385345291,no trend,0.0029694449836901327,5.3357947806809136e-05,increasing,-0.00024207963340259174,0.29327072669776233,no trend
206011496,0.0006046407714903061,0.9813671252686653,no trend,0.0033089122373977813,1.5555676707190713e-05,increasing,-0.0008657172929686209,0.020769866768182377,decreasing
206011497,-0.04755417692222944,0.5911541483740381,no trend,0.0031507519071568143,0.004714044997715217,increasing,-0.001386161920172857,0.020769866768182377,decreasing
206011498,-0.013285169037703387,0.8335157043083457,no trend,0.002888698250480627,0.0018950157955626157,increasing,-0.0007196501828320818,0.10707235212149269,no trend
206021110,0.02779331880057375,0.6238124360692694,no trend,0.002753641106755524,0.0030162106167233027,increasing,-0.000935005790430333,0.06503135683341554,no trend
206021112,-0.013644793284910861,0.7260951618325295,no trend,0.0032106711012936,0.0022170615811702987,increasing,-0.001323725762632108,0.023486186933639575,decreasing
206021499,0.028633855051028688,0.7260951618325295,no trend,0.003719478132099335,0.00011640806991186636,increasing,-0.0012783028893914505,0.005448604576648863,decreasing
206021500,0.002991652470099515,0.944141999801307,no trend,0.0039566998110989095,0.00016981157303574967,increasing,-0.0019383296489316054,0.0030162106167233027,decreasing
206031113,-0.01757155751797461,0.8335157043083457,no trend,0.003099004557282601,0.012455077396482883,increasing,-0.0012632140904700441,0.11763382782129739,no trend
206031115,-0.04604365793221768,0.3623776993195864,no trend,0.003759133840255362,4.367622598744347e-05,increasing,-0.001971994478673799,0.001168988918142766,decreasing
206031116,0.017146675673330326,0.8335157043083457,no trend,0.0031722225044901586,0.0008385067770961818,increasing,-0.0012166465253188783,0.047125304183912364,decreasing
206031501,-0.011404395955226803,0.9070384808036946,no trend,0.0023618267319892024,0.052566837375503495,no trend,-0.0013855071260921825,0.052566837375503495,no trend
206031502,-0.0067572508097157,0.8701367570919354,no trend,0.002592471371453008,0.005448604576648863,increasing,-0.0011375039570805695,0.06503135683341554,no trend
206041117,-0.018043973159056446,0.7972523796379414,no trend,0.0036374462724608463,3.567683545258049e-05,increasing,-0.0011612828816935977,0.0035073847992901364,decreasing
206041118,-0.11850415798843289,0.052566837375503495,no trend,0.00379028535452297,4.019580202019313e-07,increasing,0.0005266605110586005,0.1411929728237964,no trend
206041119,-0.007930537267639601,0.9070384808036946,no trend,0.0035786141826490937,0.00016981157303574967,increasing,-0.002194380088026156,0.00020446098532356238,decreasing
206041120,-0.03734986964038856,0.5593049468922573,no trend,0.005572610125060729,3.567683545258049e-05,increasing,-0.004412276931812918,2.6745756389612296e-06,decreasing
206041121,-0.028989572198767397,0.5911541483740381,no trend,0.00400907252105269,1.9203218714070047e-05,increasing,-0.001688518045613945,0.0022170615811702987,decreasing
206041124,-0.08672351484136909,0.09727654970369648,no trend,0.005074640584424339,0.0030162106167233027,increasing,-0.0044364843231977456,0.001168988918142766,decreasing
206041125,0.006622715595221295,0.944141999801307,no trend,0.0020453493970032533,0.023486186933639575,increasing,-0.0006360944824629007,0.19895893109240226,no trend
206041127,0.004286135948039949,0.9813671252686653,no trend,0.0010361865480329486,0.0025885719761729042,increasing,0.0008872529109958497,0.11763382782129739,no trend
206041503,0.014263324898183428,0.7260951618325295,no trend,0.00391451413856928,5.131806497526981e-07,increasing,0.00012376467225126917,0.5911541483740381,no trend
206041504,-0.10719493027222465,0.09727654970369648,no trend,0.0035006544810053638,6.85244367915061e-08,increasing,-0.0004716394643897783,0.07212432275983494,no trend
206041505,-0.027675180223462596,0.6238124360692694,no trend,0.0037959149475503976,4.019580202019313e-07,increasing,-0.0003137771187366389,0.1542575118326619,no trend
206041506,-0.03551199443201612,0.6238124360692694,no trend,0.003625125144003229,1.2574637393125698e-05,increasing,-0.0010978175170100446,0.010906151033361455,decreasing
206041507,0.012206681062202695,0.8701367570919354,no trend,0.002187124867818654,0.026505643985675675,increasing,-0.0022895103215308486,0.004714044997715217,decreasing
206041508,-0.05201517122022674,0.3152515554041373,no trend,0.0015456090658646227,0.009530847381806318,increasing,0.0007009403995919424,0.026505643985675675,increasing
206041509,-0.06456342008644361,0.08821070970409317,no trend,0.0046992556291806245,3.141766240499777e-07,increasing,-0.002576354297089821,8.879022317387353e-08,decreasing
206041510,-0.04122359522135467,0.5911541483740381,no trend,0.004451953205704407,2.450469624992735e-07,increasing,-0.0019951350961449022,4.367622598744347e-05,decreasing
206051128,-0.005722840504382352,0.9070384808036946,no trend,0.00392980647741856,9.608161668706039e-05,increasing,-0.0016827542051821793,0.029854753709825932,decreasing
206051129,-0.07398086743992452,0.09727654970369648,no trend,0.002930891150759587,0.0022170615811702987,increasing,-0.0013585457113452063,0.026505643985675675,decreasing
206051130,-0.020414430475106504,0.5283124685330474,no trend,0.003931400982371068,0.00011640806991186636,increasing,-0.0022517879256933127,0.0007079791172892591,decreasing
206051134,-0.04554763998446211,0.23361300135229124,no trend,0.002567511410457267,0.0013760379927676425,increasing,-0.0006838115295202429,0.052566837375503495,no trend
206051511,0.030628732560462564,0.6572273920607943,no trend,0.0012007504934790749,0.11763382782129739,no trend,-0.000979188311456618,0.026505643985675675,decreasing
206051512,-0.025782624506323692,0.5911541483740381,no trend,0.0038180729831608236,5.258060130852726e-06,increasing,-0.0012148033399966983,0.0035073847992901364,decreasing
206051513,-0.02989698236110773,0.5593049468922573,no trend,0.0027921036667436037,0.0007079791172892591,increasing,-0.0005264640465733959,0.2157852878709825,no trend
206051514,-0.029448912875925465,0.5911541483740381,no trend,0.003253579088803531,0.0009910666009620428,increasing,-0.0018652206129624407,0.005448604576648863,decreasing
206061135,-0.0130733646636341,0.7260951618325295,no trend,0.0026215943501133442,0.0009910666009620428,increasing,-0.000572038114178233,0.07983871964585254,no trend
206061136,-0.02424760520128799,0.7614215361463608,no trend,0.0027639271683652577,7.913997769493086e-05,increasing,-0.00039589440271443086,0.16822084690819583,no trend
206061138,0.034574852400563516,0.5911541483740381,no trend,0.0025988996134781155,0.0025885719761729042,increasing,-0.0009767343759311674,0.014195743882660095,decreasing
206061515,-0.02704415882936337,0.5593049468922573,no trend,0.0023832258292098086,0.005448604576648863,increasing,-0.000747052163057098,0.2524605042504313,no trend
206061516,0.0005314870701394168,0.9813671252686653,no trend,0.002388728194164193,0.00016981157303574967,increasing,-0.00015344024724183223,0.5911541483740381,no trend
206071139,0.026714067508931964,0.5911541483740381,no trend,0.003292689676299372,5.3357947806809136e-05,increasing,-0.0012016508219998558,0.020769866768182377,decreasing
206071140,-0.033629572781427086,0.6572273920607943,no trend,0.003562548497311996,0.0007079791172892591,increasing,-0.0017211052023682416,0.00628497005627171,decreasing
206071141,0.00920788973016053,0.7972523796379414,no trend,0.002711652525559147,1.2574637393125698e-05,increasing,-0.00015673551092849604,0.5911541483740381,no trend
206071142,0.00023618165970135536,1.0,no trend,0.0034950487568816383,1.3349516918559345e-06,increasing,-0.0005470547390024917,0.058523973520625105,no trend
206071143,-0.0043779304829693,0.9813671252686653,no trend,0.003924335768212727,6.505027394410057e-05,increasing,-0.0012937370270722582,0.010906151033361455,decreasing
206071145,0.010801012832227168,0.9070384808036946,no trend,0.0039026721953889787,0.0022170615811702987,increasing,-0.0027190980833402024,0.007235176109436026,decreasing
206071517,-0.02376192847103177,0.69134204811853,no trend,0.0032243238654928574,0.00014074245671946706,increasing,-0.0015038121688682978,0.004070304881397702,decreasing
206071518,0.010466672575064234,0.8701367570919354,no trend,0.003770840141882636,2.6745756389612296e-06,increasing,-0.0007144538378897117,0.09727654970369648,no trend
207011146,0.000556520571205373,0.9813671252686653,no trend,0.0017713884452669887,0.03765485026971738,increasing,-0.0018610417886324327,0.023486186933639575,decreasing
207011147,0.030022242752024454,0.4690632682744802,no trend,0.0015253375368354705,0.047125304183912364,increasing,-0.0007377421359990814,0.11763382782129739,no trend
207011148,0.0255176136993035,0.6238124360692694,no trend,0.001756683398463544,0.09727654970369648,no trend,-0.00144037271867063,0.08821070970409317,no trend
207011149,0.056153014679869176,0.2524605042504313,no trend,0.0023135004001715474,0.004714044997715217,increasing,-0.0009551377526021906,0.058523973520625105,no trend
207011150,0.015177564940329683,0.5593049468922573,no trend,0.0021587902273769027,0.016147623299816338,increasing,-0.001353835167915097,0.03356141170311466,decreasing
207011152,0.047430531059454314,0.3623776993195864,no trend,0.002965228721036058,0.0005965451621383622,increasing,-0.0008207313359928168,0.10707235212149269,no trend
207011154,0.04321451833453499,0.5593049468922573,no trend,0.003055662850203083,0.001168988918142766,increasing,-0.0027310440574995418,0.0016164569904013604,decreasing
207011155,0.03483873253622688,0.498219385345291,no trend,0.002534766743038143,0.007235176109436026,increasing,-0.000667571598482724,0.11763382782129739,no trend
207011519,0.03130460493269001,0.498219385345291,no trend,0.0035355851241284084,0.00042093182771774096,increasing,-0.0009257978354330787,0.08821070970409317,no trend
207011520,0.03690687609279841,0.41368622699316804,no trend,0.0033261941752900925,0.0005016191668583136,increasing,-0.0011002661988683388,0.023486186933639575,decreasing
207011521,0.03261907665470772,0.6572273920607943,no trend,0.002544222653525504,0.0035073847992901364,increasing,-0.0007198606681504676,0.06503135683341554,no trend
207011522,0.02972005901881231,0.6238124360692694,no trend,0.0038344536783545945,0.0022170615811702987,increasing,-0.002433768250128546,0.010906151033361455,decreasing
207021156,0.014303150418665094,0.7972523796379414,no trend,0.00220908615035547,0.010906151033361455,increasing,-0.0019745100661421374,0.029854753709825932,decreasing
207021157,0.04243860799759158,0.6572273920607943,no trend,0.0011316419150050555,0.2524605042504313,no trend,-0.00043323831960334494,0.5911541483740381,no trend
207021159,-0.009951268539485929,0.944141999801307,no trend,0.0038938101277521623,0.012455077396482883,increasing,-0.002894392719314684,0.03765485026971738,decreasing
207021160,0.02118189593821209,0.7260951618325295,no trend,0.0023283932989480085,0.029854753709825932,increasing,-0.00127057925514889,0.1411929728237964,no trend
207021424,0.03407439268976391,0.69134204811853,no trend,0.0028571405869186476,0.016147623299816338,increasing,-0.0014864217920373894,0.07983871964585254,no trend
207021425,0.04646573695020367,0.3623776993195864,no trend,0.0011267439464020476,0.2157852878709825,no trend,0.00016325626913182677,0.8335157043083457,no trend
207031161,0.04238248848498447,0.4690632682744802,no trend,0.0018060970901442666,0.042165578463101205,increasing,-0.0007021881987308715,0.4690632682744802,no trend
207031162,-0.0142665391928093,0.7260951618325295,no trend,0.002228628917949665,0.014195743882660095,increasing,-0.001247979706950951,0.047125304183912364,decreasing
207031163,0.011848916251564034,0.8335157043083457,no trend,0.0021766939986956296,0.005448604576648863,increasing,-0.0015406189433317583,0.010906151033361455,decreasing
207031164,0.05057144657141155,0.387514377839314,no trend,0.002057336222975876,0.029854753709825932,increasing,-0.0014203141309532203,0.07983871964585254,no trend
207031165,-0.022785896160856405,0.69134204811853,no trend,0.0021608463566014065,0.012455077396482883,increasing,-0.0012788502165092118,0.052566837375503495,no trend
207031166,-0.023585127643062184,0.44087649866088374,no trend,0.0021833159060530576,0.009530847381806318,increasing,-0.0013819140088880354,0.026505643985675675,decreasing
207031167,0.024368548033362695,0.4690632682744802,no trend,0.0015555621915699677,0.03356141170311466,increasing,-0.0004403388698043864,0.3382878549727657,no trend
208011168,0.03107843980431379,0.3152515554041373,no trend,0.0016599069731905607,0.03356141170311466,increasing,-0.0013527358557425338,0.1289960116674873,no trend
208011169,-0.013676613137712285,0.6572273920607943,no trend,0.0027580974180425556,0.0008385067770961818,increasing,-0.0010106380589589587,0.052566837375503495,no trend
208011170,0.0020492342099143685,0.9813671252686653,no trend,0.00193770034954617,0.047125304183912364,increasing,-0.0012625914251897898,0.09727654970369648,no trend
208011171,0.029624287863662602,0.3152515554041373,no trend,0.0013212385650971732,0.11763382782129739,no trend,-0.0006182807624697366,0.387514377839314,no trend
208011172,0.02196180425725988,0.69134204811853,no trend,0.00223107612955961,0.008312365597504368,increasing,-0.0006399777640244844,0.3152515554041373,no trend
208011173,0.019609458621281876,0.7260951618325295,no trend,0.0017797882899421454,0.03356141170311466,increasing,-0.0013988329923281737,0.047125304183912364,decreasing
208021174,0.031160133499789033,0.5911541483740381,no trend,0.0018948289073489235,0.042165578463101205,increasing,-0.000817639035241765,0.16822084690819583,no trend
208021176,-0.01589156124993961,0.69134204811853,no trend,0.0013606651390206917,0.01833157496099891,increasing,-0.0003517977037456568,0.387514377839314,no trend
208021177,-0.018949793300982166,0.69134204811853,no trend,0.0016146917937772992,0.03765485026971738,increasing,-0.001068121493320185,0.026505643985675675,decreasing
208021178,-0.018715089082140132,0.7260951618325295,no trend,0.002023518371046176,0.014195743882660095,increasing,-0.0009813340964692414,0.03765485026971738,decreasing
208021179,-0.041820067208876675,0.4690632682744802,no trend,0.002642594280527305,0.0005016191668583136,increasing,-0.0008146869685800497,0.052566837375503495,no trend
208021180,0.010552771241566618,0.8701367570919354,no trend,0.0018101804187005566,0.012455077396482883,increasing,-0.0006208766378190383,0.4690632682744802,no trend
208021181,-0.0018559254552707768,0.9813671252686653,no trend,0.0014763161160713087,0.052566837375503495,no trend,-0.0008602391893349232,0.1289960116674873,no trend
208021182,-0.008600092288991692,0.9070384808036946,no trend,0.0013058022161138467,0.042165578463101205,increasing,-0.00047266051704704826,0.5283124685330474,no trend
208021426,0.04377818389567975,0.387514377839314,no trend,0.0013211282477742226,0.09727654970369648,no trend,-0.0005170824531703602,0.41368622699316804,no trend
208021427,0.08351480814730691,0.11763382782129739,no trend,0.0013401431276274106,0.1411929728237964,no trend,-0.00034084820051157657,0.498219385345291,no trend
208031183,-0.09290127343375904,0.10707235212149269,no trend,0.00760294025643572,2.6745756389612296e-06,increasing,-0.007453070404882602,3.357563338024505e-06,decreasing
208031184,0.015323293178339534,0.9070384808036946,no trend,0.004130399128580469,9.608161668706039e-05,increasing,-0.0034713778496373473,0.0030162106167233027,decreasing
208031185,-0.07365806226589201,0.23361300135229124,no trend,0.003948697336263173,0.0003524968313242116,increasing,-0.002682995735900801,0.005448604576648863,decreasing
208031186,-0.07192361639686232,0.10707235212149269,no trend,0.002636737409064887,0.007235176109436026,increasing,-0.0022000817421761708,0.004070304881397702,decreasing
208031187,-0.0694521823359271,0.23361300135229124,no trend,0.004339998092124301,7.913997769493086e-05,increasing,-0.0031382615294354614,0.0018950157955626157,decreasing
208031188,0.035494439496100066,0.41368622699316804,no trend,0.0019079761067158523,0.023486186933639575,increasing,-0.0008253216599929337,0.23361300135229124,no trend
208031189,-0.029066426592299452,0.6238124360692694,no trend,0.002405524628854055,0.007235176109436026,increasing,-0.001246605825768963,0.18311229220036362,no trend
208031190,0.02727690882411987,0.5911541483740381,no trend,0.0012094367535647557,0.047125304183912364,increasing,-0.00044980462211169966,0.5911541483740381,no trend
208031191,0.07473605031045481,0.1289960116674873,no trend,0.0028476220769680254,0.001168988918142766,increasing,-0.0016758415933983601,0.07212432275983494,no trend
208031192,0.010941169366489027,0.9070384808036946,no trend,-0.0014226523090658263,0.41368622699316804,no trend,-0.0014935277198911865,0.44087649866088374,no trend
208031193,0.03372960495541502,0.3623776993195864,no trend,0.002623046574442188,0.00029458014258532117,increasing,-0.001120131410459429,0.058523973520625105,no trend
208041194,-0.005453136487990233,0.9813671252686653,no trend,0.0025440647415705614,0.0016164569904013604,increasing,-0.001013985228132763,0.016147623299816338,decreasing
208041195,-0.01960041910499921,0.5593049468922573,no trend,0.0022412171365354203,0.005448604576648863,increasing,-0.0015781803868272343,0.007235176109436026,decreasing
209011196,-0.02115431868280162,0.9070384808036946,no trend,0.0037052504458268453,0.009530847381806318,increasing,-0.0024913341655429873,0.005448604576648863,decreasing
209011197,0.03822099137075783,0.69134204811853,no trend,0.0032032388790725168,0.026505643985675675,increasing,-0.0016360677201190978,0.047125304183912364,decreasing
209011198,-0.0027387464316674937,0.9813671252686653,no trend,0.0018650790522887124,0.07212432275983494,no trend,-0.0011670261560530392,0.2157852878709825,no trend
209011199,0.01866538618582199,0.7614215361463608,no trend,0.0023468463005159182,0.07983871964585254,no trend,-0.0012384759658856026,0.2524605042504313,no trend
209011200,0.019961696950933982,0.9070384808036946,no trend,0.002506579597509862,0.009530847381806318,increasing,-0.0016387881080683507,0.026505643985675675,decreasing
209011201,0.02369743015285329,0.6572273920607943,no trend,0.002240289192300621,0.012455077396482883,increasing,-0.0017054172041771132,0.023486186933639575,decreasing
209011202,0.018759684548409705,0.9070384808036946,no trend,0.0030180310656106693,0.03356141170311466,increasing,-0.002177045302477274,0.052566837375503495,no trend
209011203,-0.03484586627021062,0.69134204811853,no trend,0.0029324703170098936,0.026505643985675675,increasing,-0.002451622336661848,0.023486186933639575,decreasing
209011204,-0.012353477486572118,0.8701367570919354,no trend,0.0026663938237103625,0.020769866768182377,increasing,-0.001786624939496247,0.047125304183912364,decreasing
209021205,-0.04739134372428816,0.4690632682744802,no trend,0.005007324378262859,0.004714044997715217,increasing,-0.004046932737204772,0.007235176109436026,decreasing
209021428,0.018424689600023622,0.498219385345291,no trend,0.0024891696479140348,0.012455077396482883,increasing,-0.0006022259679259196,0.29327072669776233,no trend
209021429,-0.013872183378642156,0.8701367570919354,no trend,0.0029636152598346973,0.005448604576648863,increasing,-0.0014231561787270634,0.06503135683341554,no trend
209021523,0.0392532748091485,0.6238124360692694,no trend,0.0030549733918110757,0.020769866768182377,increasing,-0.00215698022965117,0.042165578463101205,decreasing
209021524,-0.013658468407670033,0.8335157043083457,no trend,0.003495653953199602,0.007235176109436026,increasing,-0.0021996674410770444,0.042165578463101205,decreasing
209021525,0.008333879991563802,0.9070384808036946,no trend,0.0026651335140226483,0.01833157496099891,increasing,-0.0018620072627072233,0.058523973520625105,no trend
209021526,0.029534402108596446,0.7260951618325295,no trend,0.0028686620692039535,0.01833157496099891,increasing,-0.0014095555541475573,0.09727654970369648,no trend
209031209,-0.003068677467287314,1.0,no trend,0.0038107230739564983,0.007235176109436026,increasing,-0.002637617995123273,0.052566837375503495,no trend
209031210,-0.0448797961627643,0.5283124685330474,no trend,0.00544484557596258,0.004070304881397702,increasing,-0.004067344553475971,0.03765485026971738,decreasing
209031211,-0.031700386681071197,0.5283124685330474,no trend,0.00373787959530168,0.0005965451621383622,increasing,-0.002166891778265974,0.029854753709825932,decreasing
209031212,-0.051938322898980774,0.3152515554041373,no trend,0.004854073159772411,0.0025885719761729042,increasing,-0.0039686133639732675,0.06503135683341554,no trend
209031213,-0.03394204917216924,0.4690632682744802,no trend,0.005210920221754695,0.004070304881397702,increasing,-0.004181340462203864,0.009530847381806318,decreasing
209031214,0.006930097845244652,0.9813671252686653,no trend,0.00496620659435084,0.014195743882660095,increasing,-0.003908148599529228,0.07212432275983494,no trend
209031215,-0.03354170975890293,0.6238124360692694,no trend,0.004746078378559226,0.009530847381806318,increasing,-0.0040429356261647165,0.03356141170311466,decreasing
209041216,-0.05931071803954963,0.3623776993195864,no trend,0.004043721107825956,0.009530847381806318,increasing,-0.00433625440796942,0.0009910666009620428,decreasing
209041217,0.006283647965729111,0.9070384808036946,no trend,0.0038502627221117937,0.007235176109436026,increasing,-0.0023473461811662623,0.016147623299816338,decreasing
209041220,0.005559999884237893,0.8701367570919354,no trend,0.004836394500900308,0.00042093182771774096,increasing,-0.003033443848147052,0.0025885719761729042,decreasing
209041221,-0.00855138310883275,0.944141999801307,no trend,0.005215452049093003,0.0007079791172892591,increasing,-0.00295494832242284,0.004070304881397702,decreasing
209041223,0.010622762527569735,0.8701367570919354,no trend,0.002885937727555919,0.020769866768182377,increasing,-0.0021694039345717423,0.026505643985675675,decreasing
209041224,-0.09488621252074367,0.2723427122311102,no trend,0.004274517459235614,0.009530847381806318,increasing,-0.0031125671799598206,0.09727654970369648,no trend
209041225,-0.09285915896373137,0.29327072669776233,no trend,0.00515624434739209,0.042165578463101205,increasing,-0.0030486350346404234,0.1542575118326619,no trend
209041431,-0.031189049778745925,0.6572273920607943,no trend,0.005852599038279557,0.0007079791172892591,increasing,-0.004772079843177784,0.0008385067770961818,decreasing
209041432,-0.03795730394740547,0.5593049468922573,no trend,0.00432738068690427,0.008312365597504368,increasing,-0.0037614466029748696,0.016147623299816338,decreasing
209041433,-0.05024251316285691,0.387514377839314,no trend,0.0046935998872307,0.016147623299816338,increasing,-0.0076042579077327975,0.00016981157303574967,decreasing
209041435,-0.0860487647701188,0.3623776993195864,no trend,0.006206594131852575,0.0035073847992901364,increasing,-0.006066578163028026,0.0009910666009620428,decreasing
209041436,-0.04559028389387193,0.5911541483740381,no trend,0.004656982846904901,0.0035073847992901364,increasing,-0.004851493465821014,0.00014074245671946706,decreasing
209041437,-0.11608081501982734,0.29327072669776233,no trend,0.005213679373274495,0.01833157496099891,increasing,-0.005149282856364531,0.008312365597504368,decreasing
209041527,-0.08076931587989442,0.387514377839314,no trend,0.006181813722126685,0.007235176109436026,increasing,-0.008793782223490185,2.9081850334566894e-05,decreasing
209041528,-0.04652961823315849,0.5911541483740381,no trend,0.0037411423523368995,0.10707235212149269,no trend,-0.007959392089139851,0.0009910666009620428,decreasing
209041529,0.04627379454269549,0.498219385345291,no trend,0.002551198429242652,0.023486186933639575,increasing,-0.001908838980057511,0.026505643985675675,decreasing
209041530,-0.01466841396428633,0.944141999801307,no trend,0.0018495576242264248,0.29327072669776233,no trend,-0.003450976783791703,0.004070304881397702,decreasing
209041531,-0.07933757432966851,0.4690632682744802,no trend,0.005317868155096326,0.023486186933639575,increasing,-0.0054505885464179405,0.010906151033361455,decreasing
209041532,-0.08272397725613212,0.5593049468922573,no trend,0.004206085730497775,0.07983871964585254,no trend,-0.006594689294466916,0.0018950157955626157,decreasing
210011226,0.008409273753235446,0.9070384808036946,no trend,0.002988505474330539,0.009530847381806318,increasing,-0.001550132904202816,0.023486186933639575,decreasing
210011227,-0.08524333916580853,0.3623776993195864,no trend,0.0034418398126104814,0.023486186933639575,increasing,-0.004830639525995155,7.913997769493086e-05,decreasing
210011228,-0.052325894028882804,0.5283124685330474,no trend,0.0048769066451596855,0.008312365597504368,increasing,-0.0041185881465424234,0.0009910666009620428,decreasing
210011230,-0.02106938494996049,0.7972523796379414,no trend,0.0037680965569063442,0.010906151033361455,increasing,-0.0025890050129542654,0.008312365597504368,decreasing
210011231,-0.021619748514854695,0.7972523796379414,no trend,0.0031802318175235536,0.010906151033361455,increasing,-0.0024186865336433524,0.014195743882660095,decreasing
210011533,-0.022871013998734334,0.6238124360692694,no trend,0.004441511837726555,0.0018950157955626157,increasing,-0.0032626700860121432,0.00628497005627171,decreasing
210011534,-0.04819181141515607,0.387514377839314,no trend,0.0038505881705686706,0.0022170615811702987,increasing,-0.002413594585773593,0.007235176109436026,decreasing
210021232,-0.08234651379008157,0.28615732110495795,no trend,0.005567804492686415,0.014063556708352909,increasing,-0.004897459518306648,0.0701839854914923,no trend
210021235,-0.15188460365106263,0.1542575118326619,no trend,0.006491074382180927,0.0022170615811702987,increasing,-0.006162902249621797,0.023486186933639575,decreasing
210031236,-0.029856923956195852,0.5283124685330474,no trend,0.002855242200204233,0.016147623299816338,increasing,-0.0018638675927333793,0.03765485026971738,decreasing
210031237,-0.006543561296636962,0.7260951618325295,no trend,0.003194903028119,0.00628497005627171,increasing,-0.0021492489542027436,0.03356141170311466,decreasing
210031439,-0.10672146223527916,0.07212432275983494,no trend,0.008027628706435155,0.00011640806991186636,increasing,-0.006886740026155819,2.3656555304452098e-05,decreasing
210031440,-0.00894400726282818,0.944141999801307,no trend,0.0033637542428119225,0.0035073847992901364,increasing,-0.0020550825109882692,0.03765485026971738,decreasing
210031535,-0.0184514478360805,0.7260951618325295,no trend,0.003311255393388307,0.023486186933639575,increasing,-0.0029336129618918387,0.016147623299816338,decreasing
210031536,-0.028878922281456915,0.5593049468922573,no trend,0.003576887373356042,0.010906151033361455,increasing,-0.0023481127278648043,0.029854753709825932,decreasing
210031537,-0.01603663573784879,0.8701367570919354,no trend,0.0028872439524985005,0.010906151033361455,increasing,-0.0017425334898594602,0.07212432275983494,no trend
210031538,0.011785025807605268,0.7972523796379414,no trend,0.0021512361824054978,0.06503135683341554,no trend,-0.0009933298373065954,0.18311229220036362,no trend
210041240,-0.2049327399698609,0.07212432275983494,no trend,0.007807094884485033,0.0002456719267813767,increasing,-0.006087089885601595,0.007235176109436026,decreasing
210041539,-0.19235097983460653,0.11763382782129739,no trend,0.005838522326271558,0.004070304881397702,increasing,-0.004819423530281586,0.026505643985675675,decreasing
210041540,-0.22536711715273194,0.058523973520625105,no trend,0.00687772399564001,0.0005965451621383622,increasing,-0.00632857995765955,0.0005965451621383622,decreasing
210041541,-0.23739162001788283,0.039516712961947364,decreasing,0.00794449526488448,0.01612706871178249,increasing,-0.006996342105587252,0.01612706871178249,decreasing
210051242,-0.036533302850826954,0.6572273920607943,no trend,0.00334571807395892,0.029854753709825932,increasing,-0.002747944043838362,0.016147623299816338,decreasing
210051243,0.008674019986949014,0.9070384808036946,no trend,0.0016989351541274891,0.06503135683341554,no trend,-0.0015891069646386412,0.029854753709825932,decreasing
210051245,-0.0957704071127754,0.11763382782129739,no trend,0.006331718225632436,0.00029458014258532117,increasing,-0.004988186302772088,0.0009910666009620428,decreasing
210051246,-0.1677008483473767,0.09727654970369648,no trend,0.006954284754201607,0.001168988918142766,increasing,-0.00555282542965459,0.005448604576648863,decreasing
210051247,-0.048113564800697436,0.41368622699316804,no trend,0.00576634199751409,0.00016981157303574967,increasing,-0.003959096891992017,0.0016164569904013604,decreasing
210051248,-0.159194870932579,0.08821070970409317,no trend,0.0058838960783349666,0.0022170615811702987,increasing,-0.005423275999498142,0.0007079791172892591,decreasing
210051250,0.022578047733537825,0.7972523796379414,no trend,0.0034098821145173283,0.014195743882660095,increasing,-0.0023004639616860216,0.012455077396482883,decreasing
210051441,-0.09763430507775286,0.16822084690819583,no trend,0.0054313484274122305,0.00029458014258532117,increasing,-0.004331698391562664,0.00042093182771774096,decreasing
210051442,-0.16256001165792852,0.18311229220036362,no trend,0.0068113689205082486,0.0013760379927676425,increasing,-0.006725012610855329,0.0016164569904013604,decreasing
210051443,-0.13709645046226135,0.07212432275983494,no trend,0.005459247546700248,0.0035073847992901364,increasing,-0.006757655581525013,0.00016981157303574967,decreasing
210051445,-0.17297263960455567,0.1542575118326619,no trend,0.006994364687641896,0.007235176109436026,increasing,-0.005897831331036096,0.016147623299816338,decreasing
210051542,-0.08645282344179905,0.3623776993195864,no trend,0.0023381819503606165,0.1542575118326619,no trend,-0.009676046957847824,1.5555676707190713e-05,decreasing
210051543,-0.10125843588136679,0.2524605042504313,no trend,0.00449479363840506,0.01833157496099891,increasing,-0.009442450631049162,7.913997769493086e-05,decreasing
210051544,-0.05007791651595781,0.5283124685330474,no trend,0.0034381869355088785,0.008312365597504368,increasing,-0.0033677955114936016,0.0009910666009620428,decreasing
210051545,-0.09528308519868697,0.16822084690819583,no trend,0.006176702588089391,9.608161668706039e-05,increasing,-0.007472411831811564,3.141766240499777e-07,decreasing
211011251,0.07457404152386665,0.10707235212149269,no trend,0.0012963580271561385,0.11763382782129739,no trend,-0.0005342517580907032,0.4690632682744802,no trend
211011254,0.02406066299302114,0.6238124360692694,no trend,0.002718501590270561,0.052566837375503495,no trend,-0.0025778930261304255,0.012455077396482883,decreasing
211011255,-0.03871220436589476,0.5911541483740381,no trend,0.004658531211928985,0.005448604576648863,increasing,-0.004578613302122216,0.016147623299816338,decreasing
211011256,0.03929355380481318,0.41368622699316804,no trend,0.003269690546531939,0.0016164569904013604,increasing,-0.001804211541953934,0.023486186933639575,decreasing
211011257,0.012720766604114274,0.7972523796379414,no trend,0.00628697153049833,5.3357947806809136e-05,increasing,-0.005173607463787535,5.258060130852726e-06,decreasing
211011258,0.038094003991007375,0.5283124685330474,no trend,0.004272076709847869,0.0018950157955626157,increasing,-0.0033621372181915025,0.0022170615811702987,decreasing
211011259,0.03410104686127242,0.4690632682744802,no trend,0.0029504408988836345,0.01833157496099891,increasing,-0.0023213687261438,0.016147623299816338,decreasing
211011260,0.023087468105157112,0.7972523796379414,no trend,0.003411075137472636,0.010906151033361455,increasing,-0.0026711556349701265,0.009530847381806318,decreasing
211011446,0.07094115307859775,0.23361300135229124,no trend,0.0017240362455199884,0.058523973520625105,no trend,-0.0008607708145577523,0.387514377839314,no trend
211011447,0.07289104452379004,0.2157852878709825,no trend,0.0026853121918930566,0.016147623299816338,increasing,-0.00048597500460266334,0.4690632682744802,no trend
211011448,0.036786813763680315,0.5283124685330474,no trend,0.003428789007172692,0.0016164569904013604,increasing,-0.0023184369838668488,0.005448604576648863,decreasing
211011449,-0.008494428414657168,0.8701367570919354,no trend,0.004273857360511581,0.0009910666009620428,increasing,-0.0025763856265689777,0.029854753709825932,decreasing
211021261,0.024803965303065466,0.6238124360692694,no trend,0.003459214717986341,0.004714044997715217,increasing,-0.0028388709120602306,0.023486186933639575,decreasing
211021262,-0.026866782580499425,0.69134204811853,no trend,0.004538633253134071,0.004714044997715217,increasing,-0.004014063837497396,0.016147623299816338,decreasing
211031263,0.0987460247686551,0.2157852878709825,no trend,0.002568945339873169,0.023486186933639575,increasing,-0.0019824915291601544,0.047125304183912364,decreasing
211031265,0.012889041507002846,0.9070384808036946,no trend,0.004128452337407254,0.0003524968313242116,increasing,-0.0028785807117037293,0.0025885719761729042,decreasing
211031266,0.06782449901787757,0.23361300135229124,no trend,0.0019158652967334907,0.10707235212149269,no trend,-0.0010148449117846747,0.18311229220036362,no trend
211031267,0.10685268537678144,0.07212432275983494,no trend,0.0013691675978904716,0.1289960116674873,no trend,-0.00033907625103992003,0.5593049468922573,no trend
211031268,0.07035969429486934,0.19895893109240226,no trend,0.002812429020281824,0.007235176109436026,increasing,-0.0016059323242479128,0.058523973520625105,no trend
211031450,0.09076779811847369,0.1411929728237964,no trend,0.0020592982090906478,0.03765485026971738,increasing,-0.001229903305410225,0.18311229220036362,no trend
211031451,0.09643460523365713,0.08821070970409317,no trend,0.0011812545326337041,0.23361300135229124,no trend,-0.0007472778617951994,0.3382878549727657,no trend
211031452,0.12061170159215706,0.052566837375503495,no trend,0.00080390393616646,0.498219385345291,no trend,-0.000742923734978264,0.44087649866088374,no trend
211041269,0.006201259805756365,0.8335157043083457,no trend,0.002218921974084666,0.008312365597504368,increasing,-0.0015366546887917592,0.026505643985675675,decreasing
211041270,0.06034513304006206,0.4690632682744802,no trend,0.0011141971831121421,0.1289960116674873,no trend,-0.0003950596997704036,0.5283124685330474,no trend
211041271,0.05217355801806002,0.41368622699316804,no trend,0.0009952359953472427,0.18311229220036362,no trend,-0.00028977013823415477,0.7972523796379414,no trend
211041272,0.02900451910034274,0.7972523796379414,no trend,0.0019173440193359585,0.047125304183912364,increasing,-0.0009749693575801545,0.3623776993195864,no trend
211041273,-0.019479961026259394,0.7260951618325295,no trend,0.0026266373856635742,0.00628497005627171,increasing,-0.002191164089162749,0.014195743882660095,decreasing
211051274,-0.06409501425380218,0.29327072669776233,no trend,0.0035841808010513574,0.0016164569904013604,increasing,-0.002854012004258004,0.020769866768182377,decreasing
211051275,-0.0033286431979881064,0.9813671252686653,no trend,0.004499779372259719,0.06503135683341554,no trend,-0.0035185583985977925,0.08821070970409317,no trend
211051276,0.005181369220281232,0.8701367570919354,no trend,0.003479938045959683,0.005448604576648863,increasing,-0.002510213173828765,0.06503135683341554,no trend
211051277,0.0679012010651828,0.23361300135229124,no trend,0.0017142966053474342,0.029854753709825932,increasing,-0.0010289234511061545,0.23361300135229124,no trend
211051278,-0.0268486739149739,0.7972523796379414,no trend,0.004845823882875225,0.016147623299816338,increasing,-0.0035343650094445006,0.08821070970409317,no trend
211051279,0.03364136027771078,0.6572273920607943,no trend,0.004147986411375151,0.010906151033361455,increasing,-0.0031147268917536093,0.052566837375503495,no trend
211051280,0.013317331930681638,0.9012978441563575,no trend,0.003566543177938276,0.0011565816777279192,increasing,-0.0017897021973213214,0.08698814891833662,no trend
211051281,0.05817337067395865,0.2723427122311102,no trend,0.002253221436508153,0.012455077396482883,increasing,-0.0015227467948672126,0.06503135683341554,no trend
211051282,-0.00374993587614182,0.9813671252686653,no trend,0.002952020910409977,0.0022170615811702987,increasing,-0.000639223535044923,0.387514377839314,no trend
211051283,0.011816235410023569,0.8621556082271453,no trend,0.00417467491920733,0.0019316135357636544,increasing,-0.002673015215771623,0.006857630965628081,decreasing
211051284,-0.015872093633881406,0.7972523796379414,no trend,0.0025461277101875486,0.007235176109436026,increasing,-0.0009014614881064052,0.23361300135229124,no trend
211051285,-0.009840429316362954,1.0,no trend,0.0042008212205854045,0.016147623299816338,increasing,-0.0037814077565865396,0.06503135683341554,no trend
211051286,-0.017786142476767398,0.8335157043083457,no trend,0.003024932095385846,0.0035073847992901364,increasing,-0.002095463973701133,0.010906151033361455,decreasing
212011289,-0.02446654382824828,0.69134204811853,no trend,0.003760792352056441,0.0022170615811702987,increasing,-0.002483482258077868,0.03356141170311466,decreasing
212011546,0.03106031730998347,0.7260951618325295,no trend,0.0028805674323210176,0.06503135683341554,no trend,-0.004192252373381729,0.00628497005627171,decreasing
212011547,-0.07380120734800336,0.498219385345291,no trend,0.0036465286671242235,0.06503135683341554,no trend,-0.0038583626558479685,0.10707235212149269,no trend
212011548,-0.0670039731226435,0.44087649866088374,no trend,0.004692513853564367,0.026505643985675675,increasing,-0.004027684880402922,0.058523973520625105,no trend
212011549,0.017292337846790556,0.944141999801307,no trend,0.002860574329319139,0.058523973520625105,no trend,-0.004095799083030092,0.09727654970369648,no trend
212011550,0.011068530957763336,0.9070384808036946,no trend,0.0032155391837242068,0.03356141170311466,increasing,-0.0034837803405674294,0.08821070970409317,no trend
212011551,-0.0834635261038093,0.3382878549727657,no trend,0.0029804704764993008,0.08821070970409317,no trend,-0.004185619390611827,0.042165578463101205,decreasing
212011552,-0.03682386865486084,0.7972523796379414,no trend,0.002494600875652939,0.09727654970369648,no trend,-0.005464405032406338,0.0018950157955626157,decreasing
212021293,0.004022799155194981,0.944141999801307,no trend,0.0051143710041217875,0.00020446098532356238,increasing,-0.004961597162620583,0.00042093182771774096,decreasing
212021295,0.009579739898786067,0.9070384808036946,no trend,0.0029578631300205744,0.0018950157955626157,increasing,-0.003123398218949974,0.0009910666009620428,decreasing
212021297,0.056340775069525686,0.3623776993195864,no trend,0.00221661499717897,0.01833157496099891,increasing,-0.0025157947998282392,0.001168988918142766,decreasing
212021299,-0.07330432691049404,0.4690632682744802,no trend,0.0058414674070387095,0.001168988918142766,increasing,-0.00543783838110426,0.0035073847992901364,decreasing
212021453,-0.01547053083694827,0.7260951618325295,no trend,0.0048156482491427495,0.0025885719761729042,increasing,-0.004640689867902415,0.0022170615811702987,decreasing
212021454,0.02564759889008027,0.69134204811853,no trend,0.004237341555845523,0.00016981157303574967,increasing,-0.003489637177019406,7.913997769493086e-05,decreasing
212021455,0.047221528634702345,0.44087649866088374,no trend,0.006573033599368495,6.5593184299661544e-06,increasing,-0.004014685956649636,7.913997769493086e-05,decreasing
212021456,0.05039180888755781,0.4690632682744802,no trend,0.005025646670481488,9.608161668706039e-05,increasing,-0.003627678644342919,0.0002456719267813767,decreasing
212021553,0.011886222934593103,0.8335157043083457,no trend,0.00241166629595817,0.16822084690819583,no trend,-0.00439770314643676,0.0005965451621383622,decreasing
212021554,0.017230706921103428,0.9070384808036946,no trend,0.0036574383686638506,0.004070304881397702,increasing,-0.006134101433131229,3.357563338024505e-06,decreasing
212031300,-0.011714492398440276,0.69134204811853,no trend,0.0035320759608424178,0.0035073847992901364,increasing,-0.0034941424296073033,0.0008385067770961818,decreasing
212031303,-0.05222352939210821,0.387514377839314,no trend,0.004264895347659727,0.012455077396482883,increasing,-0.003360211663612775,0.026505643985675675,decreasing
212031304,-0.06890650680442523,0.3382878549727657,no trend,0.0015022557094688527,0.2524605042504313,no trend,-0.004824203098470062,0.004070304881397702,decreasing
212031306,0.028538222734192403,0.7260951618325295,no trend,0.0012159178423034349,0.3382878549727657,no trend,-0.005896851792892402,4.206112753202262e-06,decreasing
212031308,-0.056280070710087574,0.498219385345291,no trend,0.005096446406857755,0.0022170615811702987,increasing,-0.0038899628820961733,0.016147623299816338,decreasing
212031457,-0.054322994732178366,0.4690632682744802,no trend,0.007256331440335341,4.206112753202262e-06,increasing,-0.007055042039406965,2.450469624992735e-07,decreasing
212031458,-0.035786775973672746,0.5911541483740381,no trend,0.006701442792112523,2.3656555304452098e-05,increasing,-0.006593177218162878,4.206112753202262e-06,decreasing
212031555,-0.046377262480122194,0.6572273920607943,no trend,-0.001598749954323311,0.3623776993195864,no trend,-0.0031642310836281708,0.052566837375503495,no trend
212031556,-0.07806112749405963,0.69134204811853,no trend,-1.1202669233763665e-06,1.0,no trend,-0.0030101624870980783,0.058523973520625105,no trend
212031557,-0.005343498533164086,0.9813671252686653,no trend,0.0019745426966392044,0.3623776993195864,no trend,-0.004708934238253355,0.0005965451621383622,decreasing
212031558,0.04788792604026404,0.7260951618325295,no trend,0.0002627103062313427,0.8701367570919354,no trend,-0.003985889226876836,0.020769866768182377,decreasing
212031559,0.011345803809858168,0.9070384808036946,no trend,0.00018784229037053672,0.9070384808036946,no trend,-0.005004536445467585,0.00020446098532356238,decreasing
212031560,-0.038349841294062076,0.6238124360692694,no trend,0.005063645246210931,1.9203218714070047e-05,increasing,-0.004269823231308586,2.3656555304452098e-05,decreasing
212031561,0.013225101146363008,0.944141999801307,no trend,0.006696778178776152,8.16546668325202e-06,increasing,-0.0047554110431067675,0.00011640806991186636,decreasing
212031562,0.02819367921843622,0.6572273920607943,no trend,0.004348918118859346,0.00020446098532356238,increasing,-0.0035336827220888945,0.00042093182771774096,decreasing
212041309,0.07518392248992815,0.07212432275983494,no trend,0.002923824539413175,0.0013760379927676425,increasing,-0.0006254159270003292,0.41368622699316804,no trend
212041310,0.061301501999919975,0.2524605042504313,no trend,0.0029602092997453805,0.0018950157955626157,increasing,-0.0018385026700706653,0.012455077396482883,decreasing
212041312,0.023295181892855038,0.5593049468922573,no trend,0.0034178930091532302,0.00628497005627171,increasing,-0.002523021283053469,0.005448604576648863,decreasing
212041313,0.02110202926384276,0.69134204811853,no trend,0.004056655855767789,0.00029458014258532117,increasing,-0.00343212698495426,0.0018950157955626157,decreasing
212041316,0.04541445613979937,0.4690632682744802,no trend,0.0026558375977480883,0.008312365597504368,increasing,-0.0017548566275654635,0.010906151033361455,decreasing
212041317,0.06458586537976356,0.3382878549727657,no trend,0.001574877447556771,0.052566837375503495,no trend,-0.0015193812228741278,0.058523973520625105,no trend
212041318,0.04053410083253972,0.6238124360692694,no trend,0.00218953250489263,0.01833157496099891,increasing,-0.0016641476593505212,0.07212432275983494,no trend
212041459,0.07569845358748395,0.29327072669776233,no trend,0.001271860893671345,0.2524605042504313,no trend,-0.0011440917625129157,0.10707235212149269,no trend
212041460,0.054975154650545886,0.498219385345291,no trend,0.0010211662428847384,0.2157852878709825,no trend,-0.0005508209475754148,0.41368622699316804,no trend
212041563,0.026896139806891105,0.69134204811853,no trend,0.0027507132473019212,0.0008385067770961818,increasing,-0.002046588094617571,0.0025885719761729042,decreasing
212041564,-0.04569687297292831,0.387514377839314,no trend,0.0006296461872996713,0.4690632682744802,no trend,-0.00266402425350177,0.008312365597504368,decreasing
212041565,0.0397809251964543,0.498219385345291,no trend,0.0022951683733356903,0.020769866768182377,increasing,-0.0013624215606669703,0.052566837375503495,no trend
212041566,-0.11243283531372256,0.1411929728237964,no trend,0.004512958188849344,0.0022170615811702987,increasing,-0.006404925383039382,0.00020446098532356238,decreasing
212051319,-0.014235563741189412,0.7260951618325295,no trend,0.002103261526194896,0.01833157496099891,increasing,-0.0019498471915962965,0.009530847381806318,decreasing
212051321,0.02604912606154523,0.7614215361463608,no trend,0.0019681618382994186,0.01833157496099891,increasing,-0.0011453106768595385,0.06503135683341554,no trend
212051322,0.015991401064896084,0.7260951618325295,no trend,0.0023759213970469045,0.007235176109436026,increasing,-0.0014042369670432835,0.01833157496099891,decreasing
212051323,0.0011651908189031464,0.9070384808036946,no trend,0.0014675957528410563,0.03765485026971738,increasing,-0.001180696832892036,0.052566837375503495,no trend
212051324,-0.012509876386694683,0.8701367570919354,no trend,0.0019147178084735813,0.029854753709825932,increasing,-0.0014558127654094382,0.026505643985675675,decreasing
212051325,0.018904114459441068,0.7614215361463608,no trend,0.0028213811755885033,0.010906151033361455,increasing,-0.002105743002270045,0.009530847381806318,decreasing
212051326,-0.008996701996195533,0.8701367570919354,no trend,0.0019837319990982857,0.014195743882660095,increasing,-0.0011805524786000143,0.11763382782129739,no trend
212051327,-0.013526229029107679,0.8701367570919354,no trend,0.0029253744622583936,0.0030162106167233027,increasing,-0.0020401413812312407,0.007235176109436026,decreasing
212051567,0.009605930887530454,0.8335157043083457,no trend,0.0019850912851644307,0.016147623299816338,increasing,-0.0014608444387528424,0.042165578463101205,decreasing
212051568,0.012981741792076458,0.69134204811853,no trend,0.0011467391722884885,0.058523973520625105,no trend,-0.000949027221172829,0.10707235212149269,no trend
213011328,-0.04826774993276688,0.5911541483740381,no trend,0.004760214347091337,0.0022170615811702987,increasing,-0.003396391209729653,0.001168988918142766,decreasing
213011329,-0.09583183887368268,0.1542575118326619,no trend,0.008293906173690142,4.206112753202262e-06,increasing,-0.005234686396301067,6.537972045972396e-07,decreasing
213011331,-0.07056569735955422,0.3382878549727657,no trend,0.005978400230356572,0.00011640806991186636,increasing,-0.0026761248341640015,0.0016164569904013604,decreasing
213011332,-0.04269617117911295,0.5593049468922573,no trend,0.005530960315475019,0.0007079791172892591,increasing,-0.004115779584168462,0.0009910666009620428,decreasing
213011333,-0.09889127441183766,0.2723427122311102,no trend,0.004423844802380794,0.0025885719761729042,increasing,-0.0025485326640021237,0.004070304881397702,decreasing
213011334,-0.040161128820570255,0.7260951618325295,no trend,0.0036278955183228654,0.0035073847992901364,increasing,-0.0019395392360240368,0.029854753709825932,decreasing
213011335,-0.05998932057239349,0.5911541483740381,no trend,0.003942897648692049,0.0025885719761729042,increasing,-0.002718016721943146,0.0022170615811702987,decreasing
213011336,-0.05092042614001799,0.44087649866088374,no trend,0.004194147996845069,0.0016164569904013604,increasing,-0.0019454702441088793,0.012455077396482883,decreasing
213011337,-0.027436395883651286,0.7260951618325295,no trend,0.003609757787227456,0.004070304881397702,increasing,-0.0026512940364879336,0.001168988918142766,decreasing
213011338,-0.048043044892912584,0.4690632682744802,no trend,0.0035876333908519535,0.004714044997715217,increasing,-0.0027471640198607175,0.0009910666009620428,decreasing
213011339,-0.07213708026460278,0.44087649866088374,no trend,0.006062901772777738,5.3357947806809136e-05,increasing,-0.00334325055962046,0.0003524968313242116,decreasing
213011340,-0.09983698185080865,0.18311229220036362,no trend,0.006880293973347034,0.00016981157303574967,increasing,-0.004631315144599146,0.0008385067770961818,decreasing
213011569,-0.07198059025290983,0.41368622699316804,no trend,0.005465898127896808,0.0007079791172892591,increasing,-0.004137108822467765,5.3357947806809136e-05,decreasing
213011570,-0.1148055450545448,0.09727654970369648,no trend,0.002707539246556524,0.08821070970409317,no trend,-0.006342685952804939,6.537972045972396e-07,decreasing
213021341,-0.04691685787697808,0.3623776993195864,no trend,0.0034976625766351454,0.0008385067770961818,increasing,-0.003456953227605898,0.00014074245671946706,decreasing
213021342,-0.02128501945595536,0.5593049468922573,no trend,0.005457777287091847,3.567683545258049e-05,increasing,-0.003510960899940448,0.0003524968313242116,decreasing
213021343,-0.015863263806818212,0.9070384808036946,no trend,0.001932886285884462,0.03765485026971738,increasing,-0.0024427987923802746,0.0007079791172892591,decreasing
213021344,-0.0028477632493435173,0.944141999801307,no trend,0.002347123638087716,0.008312365597504368,increasing,-0.0015595630822955492,0.014195743882660095,decreasing
213021345,0.002961786406752943,0.9813671252686653,no trend,0.006653037463593269,2.126044551520323e-06,increasing,-0.004328516789147637,3.357563338024505e-06,decreasing
213021346,-0.02799214050526434,0.6572273920607943,no trend,0.002681904356502303,0.0016164569904013604,increasing,-0.0019691373566825877,0.008312365597504368,decreasing
213031347,-0.061854122550588864,0.3152515554041373,no trend,0.0035593063244782424,0.010906151033361455,increasing,-0.002203420223152607,0.06503135683341554,no trend
213031348,-0.0353287007073498,0.5283124685330474,no trend,0.003758853662970106,0.0002456719267813767,increasing,-0.0015616862079973282,0.007235176109436026,decreasing
213031349,-0.04551221394448553,0.2524605042504313,no trend,0.005060747293847735,0.0005965451621383622,increasing,-0.003117049656638027,0.00042093182771774096,decreasing
213031350,-0.059196794459664456,0.3382878549727657,no trend,0.004025966466504121,4.367622598744347e-05,increasing,-0.0009076682900303569,0.03356141170311466,decreasing
213031351,-0.03299532223982027,0.6238124360692694,no trend,0.0020178180434415683,0.009530847381806318,increasing,-0.001347143225116961,0.016147623299816338,decreasing
213031352,-0.023668062024140617,0.7614215361463608,no trend,0.0030955637314431794,0.0030162106167233027,increasing,-0.0016788603548215904,0.009530847381806318,decreasing
213041353,-0.13803215501793956,0.28615732110495795,no trend,0.005855214817353131,0.004337594636827813,increasing,-0.0059063483455066785,0.0026880064370089496,decreasing
213041358,-0.20420732777476136,0.157405663974874,no trend,0.005207980134681309,0.009201853955849826,increasing,-0.005885021532792909,0.0013753825612259352,decreasing
213041359,-0.22694632330250084,0.052566837375503495,no trend,0.005786337680783916,0.0009910666009620428,increasing,-0.004597974872188432,0.0008385067770961818,decreasing
213041360,-0.10807552910292809,0.1542575118326619,no trend,0.007888082317089751,3.567683545258049e-05,increasing,-0.008695494862175888,1.4580483487236506e-09,decreasing
213041461,-0.06302315794426919,0.3382878549727657,no trend,0.006027178650559167,0.0002456719267813767,increasing,-0.0055429830062324915,8.16546668325202e-06,decreasing
213041462,-0.13459340417256982,0.09727654970369648,no trend,0.008115814630969415,0.00011640806991186636,increasing,-0.010111633216860632,1.0529761507171997e-08,decreasing
213041463,-0.16511746787243925,0.06503135683341554,no trend,0.008617966688863363,2.126044551520323e-06,increasing,-0.007827873100625823,1.8173359928042032e-08,decreasing
213041571,-0.19358602749457215,0.090976463086059,no trend,0.004743559635954668,0.015108741031786055,increasing,-0.0060618021005757,0.005118048858841595,decreasing
213041572,-0.2720413870814058,0.10153683396733748,no trend,0.005704527363744848,0.030337374811837403,increasing,-0.006147527300144065,0.0007234396098074747,decreasing
213041573,-0.2756652373789207,0.13914417482242492,no trend,0.006414231601116179,0.005118048858841595,increasing,-0.005335117805369525,0.011231776901026835,decreasing
213041574,-0.2245095567119557,0.09727654970369648,no trend,0.0056749862720122165,0.0030162106167233027,increasing,-0.004795102946371761,0.0013760379927676425,decreasing
213041575,-0.12131509822943815,0.07212432275983494,no trend,0.007524463484455505,5.3357947806809136e-05,increasing,-0.0056706027691667184,6.5593184299661544e-06,decreasing
213041576,-0.17076307145036848,0.24369251012790505,no trend,0.006770351776248365,0.009201853955849826,increasing,-0.005890095375968128,0.030929148760580727,decreasing
213041577,-0.20308827456393766,0.20490442371975082,no trend,0.005605534764264185,0.01745687657638273,increasing,-0.005486602994829105,0.0008756060724179893,decreasing
213041578,-0.21801862842947153,0.12557019892294274,no trend,0.0035731570680952412,0.07250866728742089,no trend,-0.006129089206411503,0.0021868164277665247,decreasing
213051361,0.006322611106477449,0.8335157043083457,no trend,0.005747951876173699,4.367622598744347e-05,increasing,-0.004228570948359182,1.5555676707190713e-05,decreasing
213051362,-0.028464447165461947,0.69134204811853,no trend,0.005001942077851198,0.00020446098532356238,increasing,-0.002851121441054179,0.0013760379927676425,decreasing
213051363,-0.007274324769098325,0.8335157043083457,no trend,0.0031545229234913146,0.007235176109436026,increasing,-0.004375934084809919,8.16546668325202e-06,decreasing
213051368,-0.03515691224345094,0.387514377839314,no trend,0.003234708216426466,0.0035073847992901364,increasing,-0.0018606842307042509,0.00628497005627171,decreasing
213051464,-0.07851180142102471,0.23361300135229124,no trend,0.006365994773642997,1.5555676707190713e-05,increasing,-0.006305129453289348,0.001168988918142766,decreasing
213051466,-0.09354859210487504,0.1289960116674873,no trend,0.007725004992022919,8.16546668325202e-06,increasing,-0.009684779593089846,4.019580202019313e-07,decreasing
213051467,-0.06471913197469958,0.4690632682744802,no trend,0.006282090407451287,1.9203218714070047e-05,increasing,-0.004027631565408825,0.00014074245671946706,decreasing
213051468,-0.19757478745298823,0.1411929728237964,no trend,0.006083327329271472,0.0022170615811702987,increasing,-0.00485462216554605,0.009530847381806318,decreasing
213051579,-0.2583971672161296,0.14334161203712004,no trend,0.007541432927825785,0.005064575627610424,increasing,-0.006285452499325495,0.014063556708352909,decreasing
213051580,-0.06452081816743026,0.11763382782129739,no trend,0.008868435284036955,1.054484505047526e-06,increasing,-0.009273587661541925,7.989618522330488e-09,decreasing
213051581,-0.03721183988846269,0.3623776993195864,no trend,0.007662556404014312,3.567683545258049e-05,increasing,-0.011331383984038785,1.4580483487236506e-09,decreasing
213051582,-0.15286768537474682,0.22420756495904914,no trend,0.004953105082104078,0.003706522671735435,increasing,-0.005421919403136889,0.0008122260389773484,decreasing
213051583,-0.09519417750733142,0.41368622699316804,no trend,0.006270414380358475,3.567683545258049e-05,increasing,-0.010429440264054629,2.5925106506008433e-09,decreasing
213051584,-0.15277800572274924,0.09727654970369648,no trend,0.005154959891420551,0.0016164569904013604,increasing,-0.0064197741476641835,7.913997769493086e-05,decreasing
213051585,-0.14657324818676332,0.10707235212149269,no trend,0.004875545193271875,0.0008385067770961818,increasing,-0.008626791096401012,1.5555676707190713e-05,decreasing
213051586,-0.1362271922405949,0.10707235212149269,no trend,0.0014992064253797378,0.19895893109240226,no trend,-0.0068082632269803964,1.0143621907543476e-05,decreasing
213051587,-0.05204106661161659,0.5593049468922573,no trend,0.005052800335098258,0.0005965451621383622,increasing,-0.009970440407114745,2.3799078485708947e-08,decreasing
213051588,-0.021097825058383028,0.8701367570919354,no trend,0.006989684598805987,7.913997769493086e-05,increasing,-0.010943019172538598,2.3799078485708947e-08,decreasing
213051589,-0.2361514622299024,0.039516712961947364,decreasing,0.0064922212804760845,0.002281249640504912,increasing,-0.00559971668778435,0.0026880064370089496,decreasing
213051590,-0.1390134603100483,0.22420756495904914,no trend,0.0071940265256284375,0.00014759962823851502,increasing,-0.007350362811535732,1.419839430583103e-05,decreasing
214011370,-0.11479063135409817,0.03765485026971738,decreasing,0.003723854533388289,0.0025885719761729042,increasing,-0.004859242908478975,0.0002456719267813767,decreasing
214011371,-0.01112750504142847,0.9070384808036946,no trend,0.0022676858648209993,0.005448604576648863,increasing,-0.0007354139735233293,0.23361300135229124,no trend
214011372,-0.0478186511312652,0.3623776993195864,no trend,0.002897875135777733,0.0018950157955626157,increasing,-0.002162503346071345,0.009530847381806318,decreasing
214011373,-0.042787716717836016,0.6238124360692694,no trend,0.0035929979958512605,0.0003524968313242116,increasing,-0.002786688330923847,0.004070304881397702,decreasing
214011374,-0.034606127259188005,0.6572273920607943,no trend,0.00493286264043329,0.0003524968313242116,increasing,-0.00454213027854812,0.0018950157955626157,decreasing
214011375,-0.06825787627574928,0.2157852878709825,no trend,0.0022084298802570092,0.009530847381806318,increasing,-0.0026001357491805682,0.009530847381806318,decreasing
214011376,-0.09927727551013099,0.1289960116674873,no trend,0.006400187622062035,0.0013760379927676425,increasing,-0.006973472054416311,0.0005016191668583136,decreasing
214021377,-0.11413642643952401,0.1542575118326619,no trend,0.005159835226363247,0.00628497005627171,increasing,-0.004428505536525063,0.009530847381806318,decreasing
214021378,-0.0834417318558139,0.2723427122311102,no trend,0.0067797014095500215,0.004714044997715217,increasing,-0.004953625582554558,0.010906151033361455,decreasing
214021379,-0.08422540347591007,0.1542575118326619,no trend,0.0052492867803865875,0.00628497005627171,increasing,-0.004093295988210715,0.014195743882660095,decreasing
214021381,0.02185031934893269,0.7614215361463608,no trend,0.004431552156952515,0.001168988918142766,increasing,-0.002891992078623783,0.016147623299816338,decreasing
214021382,-0.17502585976729118,0.012455077396482883,decreasing,0.005641228492335924,0.0007079791172892591,increasing,-0.0053257825768473505,0.001168988918142766,decreasing
214021383,-0.05110369242714634,0.44087649866088374,no trend,0.005203059361990134,5.3357947806809136e-05,increasing,-0.0029598855021950765,0.004070304881397702,decreasing
214021384,-0.026388731431602776,0.6572273920607943,no trend,0.0035679319040919895,0.0013760379927676425,increasing,-0.0019076869330402692,0.029854753709825932,decreasing
214021385,-0.05957889038645536,0.2723427122311102,no trend,0.005912278565811675,0.004070304881397702,increasing,-0.005429400243855059,0.007235176109436026,decreasing
214021591,-0.08344273704756892,0.07983871964585254,no trend,0.005734021159254499,0.00029458014258532117,increasing,-0.005969814020400848,0.00020446098532356238,decreasing
214021592,-0.04186982181353134,0.4690632682744802,no trend,0.0026896251620182696,0.005448604576648863,increasing,-0.0010116073744048082,0.19895893109240226,no trend
